<?xml version="1.0" encoding="UTF-8"?>
<spirit:component xmlns:xilinx="http://www.xilinx.com" xmlns:spirit="http://www.spiritconsortium.org/XMLSchema/SPIRIT/1685-2009" xmlns:xsi="http://www.w3.org/2001/XMLSchema-instance">
  <spirit:vendor>xilinx.com</spirit:vendor>
  <spirit:library>customized_ip</spirit:library>
  <spirit:name>design_1_axi_gpio_3_2</spirit:name>
  <spirit:version>1.0</spirit:version>
  <spirit:busInterfaces>
    <spirit:busInterface>
      <spirit:name>s_axi</spirit:name>
      <spirit:displayName>S_AXI</spirit:displayName>
      <spirit:busType spirit:vendor="xilinx.com" spirit:library="interface" spirit:name="aximm" spirit:version="1.0"/>
      <spirit:abstractionType spirit:vendor="xilinx.com" spirit:library="interface" spirit:name="aximm_rtl" spirit:version="1.0"/>
      <spirit:slave/>
      <spirit:portMaps>
        <spirit:portMap>
          <spirit:logicalPort>
            <spirit:name>AWVALID</spirit:name>
          </spirit:logicalPort>
          <spirit:physicalPort>
            <spirit:name>s_axi_awvalid</spirit:name>
          </spirit:physicalPort>
        </spirit:portMap>
        <spirit:portMap>
          <spirit:logicalPort>
            <spirit:name>WDATA</spirit:name>
          </spirit:logicalPort>
          <spirit:physicalPort>
            <spirit:name>s_axi_wdata</spirit:name>
          </spirit:physicalPort>
        </spirit:portMap>
        <spirit:portMap>
          <spirit:logicalPort>
            <spirit:name>ARREADY</spirit:name>
          </spirit:logicalPort>
          <spirit:physicalPort>
            <spirit:name>s_axi_arready</spirit:name>
          </spirit:physicalPort>
        </spirit:portMap>
        <spirit:portMap>
          <spirit:logicalPort>
            <spirit:name>RDATA</spirit:name>
          </spirit:logicalPort>
          <spirit:physicalPort>
            <spirit:name>s_axi_rdata</spirit:name>
          </spirit:physicalPort>
        </spirit:portMap>
        <spirit:portMap>
          <spirit:logicalPort>
            <spirit:name>RREADY</spirit:name>
          </spirit:logicalPort>
          <spirit:physicalPort>
            <spirit:name>s_axi_rready</spirit:name>
          </spirit:physicalPort>
        </spirit:portMap>
        <spirit:portMap>
          <spirit:logicalPort>
            <spirit:name>AWREADY</spirit:name>
          </spirit:logicalPort>
          <spirit:physicalPort>
            <spirit:name>s_axi_awready</spirit:name>
          </spirit:physicalPort>
        </spirit:portMap>
        <spirit:portMap>
          <spirit:logicalPort>
            <spirit:name>BREADY</spirit:name>
          </spirit:logicalPort>
          <spirit:physicalPort>
            <spirit:name>s_axi_bready</spirit:name>
          </spirit:physicalPort>
        </spirit:portMap>
        <spirit:portMap>
          <spirit:logicalPort>
            <spirit:name>AWADDR</spirit:name>
          </spirit:logicalPort>
          <spirit:physicalPort>
            <spirit:name>s_axi_awaddr</spirit:name>
          </spirit:physicalPort>
        </spirit:portMap>
        <spirit:portMap>
          <spirit:logicalPort>
            <spirit:name>ARADDR</spirit:name>
          </spirit:logicalPort>
          <spirit:physicalPort>
            <spirit:name>s_axi_araddr</spirit:name>
          </spirit:physicalPort>
        </spirit:portMap>
        <spirit:portMap>
          <spirit:logicalPort>
            <spirit:name>BVALID</spirit:name>
          </spirit:logicalPort>
          <spirit:physicalPort>
            <spirit:name>s_axi_bvalid</spirit:name>
          </spirit:physicalPort>
        </spirit:portMap>
        <spirit:portMap>
          <spirit:logicalPort>
            <spirit:name>RRESP</spirit:name>
          </spirit:logicalPort>
          <spirit:physicalPort>
            <spirit:name>s_axi_rresp</spirit:name>
          </spirit:physicalPort>
        </spirit:portMap>
        <spirit:portMap>
          <spirit:logicalPort>
            <spirit:name>WSTRB</spirit:name>
          </spirit:logicalPort>
          <spirit:physicalPort>
            <spirit:name>s_axi_wstrb</spirit:name>
          </spirit:physicalPort>
        </spirit:portMap>
        <spirit:portMap>
          <spirit:logicalPort>
            <spirit:name>BRESP</spirit:name>
          </spirit:logicalPort>
          <spirit:physicalPort>
            <spirit:name>s_axi_bresp</spirit:name>
          </spirit:physicalPort>
        </spirit:portMap>
        <spirit:portMap>
          <spirit:logicalPort>
            <spirit:name>WVALID</spirit:name>
          </spirit:logicalPort>
          <spirit:physicalPort>
            <spirit:name>s_axi_wvalid</spirit:name>
          </spirit:physicalPort>
        </spirit:portMap>
        <spirit:portMap>
          <spirit:logicalPort>
            <spirit:name>ARVALID</spirit:name>
          </spirit:logicalPort>
          <spirit:physicalPort>
            <spirit:name>s_axi_arvalid</spirit:name>
          </spirit:physicalPort>
        </spirit:portMap>
        <spirit:portMap>
          <spirit:logicalPort>
            <spirit:name>RVALID</spirit:name>
          </spirit:logicalPort>
          <spirit:physicalPort>
            <spirit:name>s_axi_rvalid</spirit:name>
          </spirit:physicalPort>
        </spirit:portMap>
        <spirit:portMap>
          <spirit:logicalPort>
            <spirit:name>WREADY</spirit:name>
          </spirit:logicalPort>
          <spirit:physicalPort>
            <spirit:name>s_axi_wready</spirit:name>
          </spirit:physicalPort>
        </spirit:portMap>
      </spirit:portMaps>
    </spirit:busInterface>
    <spirit:busInterface>
      <spirit:name>s_axi_aclk</spirit:name>
      <spirit:displayName>s_axi_aclk</spirit:displayName>
      <spirit:busType spirit:vendor="xilinx.com" spirit:library="signal" spirit:name="clock" spirit:version="1.0"/>
      <spirit:abstractionType spirit:vendor="xilinx.com" spirit:library="signal" spirit:name="clock_rtl" spirit:version="1.0"/>
      <spirit:slave/>
      <spirit:portMaps>
        <spirit:portMap>
          <spirit:logicalPort>
            <spirit:name>CLK</spirit:name>
          </spirit:logicalPort>
          <spirit:physicalPort>
            <spirit:name>s_axi_aclk</spirit:name>
          </spirit:physicalPort>
        </spirit:portMap>
      </spirit:portMaps>
      <spirit:parameters>
        <spirit:parameter>
          <spirit:name>ASSOCIATED_BUSIF</spirit:name>
          <spirit:value spirit:id="BUSIFPARAM_VALUE.s_axi_aclk.ASSOCIATED_BUSIF">s_axi</spirit:value>
        </spirit:parameter>
        <spirit:parameter>
          <spirit:name>ASSOCIATED_RESET</spirit:name>
          <spirit:value spirit:id="BUSIFPARAM_VALUE.s_axi_aclk.ASSOCIATED_RESET">s_axi_aresetn</spirit:value>
        </spirit:parameter>
      </spirit:parameters>
    </spirit:busInterface>
    <spirit:busInterface>
      <spirit:name>s_axi_aresetn</spirit:name>
      <spirit:displayName>s_axi_aresetn</spirit:displayName>
      <spirit:busType spirit:vendor="xilinx.com" spirit:library="signal" spirit:name="reset" spirit:version="1.0"/>
      <spirit:abstractionType spirit:vendor="xilinx.com" spirit:library="signal" spirit:name="reset_rtl" spirit:version="1.0"/>
      <spirit:slave/>
      <spirit:portMaps>
        <spirit:portMap>
          <spirit:logicalPort>
            <spirit:name>RST</spirit:name>
          </spirit:logicalPort>
          <spirit:physicalPort>
            <spirit:name>s_axi_aresetn</spirit:name>
          </spirit:physicalPort>
        </spirit:portMap>
      </spirit:portMaps>
      <spirit:parameters>
        <spirit:parameter>
          <spirit:name>POLARITY</spirit:name>
          <spirit:value spirit:format="string" spirit:resolve="immediate" spirit:id="BUSIFPARAM_VALUE.AXI_RESETN.POLARITY">ACTIVE_LOW</spirit:value>
        </spirit:parameter>
      </spirit:parameters>
    </spirit:busInterface>
    <spirit:busInterface>
      <spirit:name>ip2intc_irq</spirit:name>
      <spirit:displayName>IP2Intc_irq</spirit:displayName>
      <spirit:busType spirit:vendor="xilinx.com" spirit:library="signal" spirit:name="interrupt" spirit:version="1.0"/>
      <spirit:abstractionType spirit:vendor="xilinx.com" spirit:library="signal" spirit:name="interrupt_rtl" spirit:version="1.0"/>
      <spirit:master/>
      <spirit:portMaps>
        <spirit:portMap>
          <spirit:logicalPort>
            <spirit:name>INTERRUPT</spirit:name>
          </spirit:logicalPort>
          <spirit:physicalPort>
            <spirit:name>ip2intc_irpt</spirit:name>
          </spirit:physicalPort>
        </spirit:portMap>
      </spirit:portMaps>
      <spirit:parameters>
        <spirit:parameter>
          <spirit:name>SENSITIVITY</spirit:name>
          <spirit:value spirit:format="string" spirit:resolve="immediate" spirit:id="INTERNALPARAM_VALUE.ip2intc_irq.SENSITIVITY">LEVEL_HIGH</spirit:value>
        </spirit:parameter>
      </spirit:parameters>
      <spirit:vendorExtensions>
        <xilinx:busInterfaceInfo>
          <xilinx:enablement>
            <xilinx:presence>optional</xilinx:presence>
            <xilinx:isEnabled xilinx:resolve="dependent" xilinx:dependency="spirit:decode(id(&apos;MODELPARAM_VALUE.C_INTERRUPT_PRESENT&apos;))=1">false</xilinx:isEnabled>
          </xilinx:enablement>
        </xilinx:busInterfaceInfo>
      </spirit:vendorExtensions>
    </spirit:busInterface>
    <spirit:busInterface>
      <spirit:name>gpio</spirit:name>
      <spirit:displayName>GPIO</spirit:displayName>
      <spirit:busType spirit:vendor="xilinx.com" spirit:library="interface" spirit:name="gpio" spirit:version="1.0"/>
      <spirit:abstractionType spirit:vendor="xilinx.com" spirit:library="interface" spirit:name="gpio_rtl" spirit:version="1.0"/>
      <spirit:master/>
      <spirit:portMaps>
        <spirit:portMap>
          <spirit:logicalPort>
            <spirit:name>TRI_O</spirit:name>
          </spirit:logicalPort>
          <spirit:physicalPort>
            <spirit:name>gpio_io_o</spirit:name>
          </spirit:physicalPort>
        </spirit:portMap>
        <spirit:portMap>
          <spirit:logicalPort>
            <spirit:name>TRI_T</spirit:name>
          </spirit:logicalPort>
          <spirit:physicalPort>
            <spirit:name>gpio_io_t</spirit:name>
          </spirit:physicalPort>
        </spirit:portMap>
        <spirit:portMap>
          <spirit:logicalPort>
            <spirit:name>TRI_I</spirit:name>
          </spirit:logicalPort>
          <spirit:physicalPort>
            <spirit:name>gpio_io_i</spirit:name>
          </spirit:physicalPort>
        </spirit:portMap>
      </spirit:portMaps>
      <spirit:parameters>
        <spirit:parameter>
          <spirit:name>ASSOCIATED_BOARD_PARAM</spirit:name>
          <spirit:value spirit:id="BUSIFPARAM_VALUE.GPIO.ASSOCIATED_BOARD_PARAM">GPIO_BOARD_INTERFACE</spirit:value>
          <spirit:vendorExtensions>
            <xilinx:parameterInfo>
              <xilinx:enablement>
                <xilinx:presence>required</xilinx:presence>
              </xilinx:enablement>
            </xilinx:parameterInfo>
          </spirit:vendorExtensions>
        </spirit:parameter>
      </spirit:parameters>
      <spirit:vendorExtensions>
        <xilinx:busInterfaceInfo>
          <xilinx:enablement>
            <xilinx:presence>optional</xilinx:presence>
            <xilinx:isEnabled xilinx:resolve="dependent">true</xilinx:isEnabled>
          </xilinx:enablement>
        </xilinx:busInterfaceInfo>
      </spirit:vendorExtensions>
    </spirit:busInterface>
    <spirit:busInterface>
      <spirit:name>gpio2</spirit:name>
      <spirit:displayName>GPIO2</spirit:displayName>
      <spirit:busType spirit:vendor="xilinx.com" spirit:library="interface" spirit:name="gpio" spirit:version="1.0"/>
      <spirit:abstractionType spirit:vendor="xilinx.com" spirit:library="interface" spirit:name="gpio_rtl" spirit:version="1.0"/>
      <spirit:master/>
      <spirit:portMaps>
        <spirit:portMap>
          <spirit:logicalPort>
            <spirit:name>TRI_O</spirit:name>
          </spirit:logicalPort>
          <spirit:physicalPort>
            <spirit:name>gpio2_io_o</spirit:name>
          </spirit:physicalPort>
        </spirit:portMap>
        <spirit:portMap>
          <spirit:logicalPort>
            <spirit:name>TRI_T</spirit:name>
          </spirit:logicalPort>
          <spirit:physicalPort>
            <spirit:name>gpio2_io_t</spirit:name>
          </spirit:physicalPort>
        </spirit:portMap>
        <spirit:portMap>
          <spirit:logicalPort>
            <spirit:name>TRI_I</spirit:name>
          </spirit:logicalPort>
          <spirit:physicalPort>
            <spirit:name>gpio2_io_i</spirit:name>
          </spirit:physicalPort>
        </spirit:portMap>
      </spirit:portMaps>
      <spirit:parameters>
        <spirit:parameter>
          <spirit:name>ASSOCIATED_BOARD_PARAM</spirit:name>
          <spirit:value spirit:id="BUSIFPARAM_VALUE.GPIO2.ASSOCIATED_BOARD_PARAM">GPIO2_BOARD_INTERFACE</spirit:value>
          <spirit:vendorExtensions>
            <xilinx:parameterInfo>
              <xilinx:enablement>
                <xilinx:presence>required</xilinx:presence>
              </xilinx:enablement>
            </xilinx:parameterInfo>
          </spirit:vendorExtensions>
        </spirit:parameter>
      </spirit:parameters>
      <spirit:vendorExtensions>
        <xilinx:busInterfaceInfo>
          <xilinx:enablement>
            <xilinx:presence>optional</xilinx:presence>
            <xilinx:isEnabled xilinx:resolve="dependent" xilinx:dependency="spirit:decode(id(&apos;MODELPARAM_VALUE.C_IS_DUAL&apos;)) = 1">false</xilinx:isEnabled>
          </xilinx:enablement>
        </xilinx:busInterfaceInfo>
      </spirit:vendorExtensions>
    </spirit:busInterface>
  </spirit:busInterfaces>
  <spirit:model>
    <spirit:views>
      <spirit:view>
        <spirit:name>xilinx_vhdlsynthesis</spirit:name>
        <spirit:displayName>VHDL Synthesis</spirit:displayName>
        <spirit:envIdentifier>vhdlSource:vivado.xilinx.com:synthesis</spirit:envIdentifier>
        <spirit:language>vhdl</spirit:language>
        <spirit:fileSetRef>
          <spirit:localName>xilinx_vhdlsynthesis_view_fileset</spirit:localName>
        </spirit:fileSetRef>
        <spirit:parameters>
          <spirit:parameter>
            <spirit:name>customizationCRC</spirit:name>
            <spirit:value>3910579507</spirit:value>
          </spirit:parameter>
          <spirit:parameter>
            <spirit:name>customizationCRCversion</spirit:name>
            <spirit:value>2</spirit:value>
          </spirit:parameter>
        </spirit:parameters>
      </spirit:view>
      <spirit:view>
        <spirit:name>xilinx_implementation</spirit:name>
        <spirit:displayName>Implementation</spirit:displayName>
        <spirit:envIdentifier>:vivado.xilinx.com:implementation</spirit:envIdentifier>
        <spirit:fileSetRef>
          <spirit:localName>xilinx_implementation_view_fileset</spirit:localName>
        </spirit:fileSetRef>
        <spirit:parameters>
          <spirit:parameter>
            <spirit:name>customizationCRC</spirit:name>
            <spirit:value>3910579507</spirit:value>
          </spirit:parameter>
          <spirit:parameter>
            <spirit:name>customizationCRCversion</spirit:name>
            <spirit:value>2</spirit:value>
          </spirit:parameter>
        </spirit:parameters>
      </spirit:view>
    </spirit:views>
    <spirit:ports>
      <spirit:port>
        <spirit:name>s_axi_aclk</spirit:name>
        <spirit:wire>
          <spirit:direction>in</spirit:direction>
          <spirit:wireTypeDefs>
            <spirit:wireTypeDef>
              <spirit:typeName>std_logic</spirit:typeName>
              <spirit:viewNameRef>xilinx_vhdlsynthesis</spirit:viewNameRef>
            </spirit:wireTypeDef>
          </spirit:wireTypeDefs>
        </spirit:wire>
      </spirit:port>
      <spirit:port>
        <spirit:name>s_axi_aresetn</spirit:name>
        <spirit:wire>
          <spirit:direction>in</spirit:direction>
          <spirit:wireTypeDefs>
            <spirit:wireTypeDef>
              <spirit:typeName>std_logic</spirit:typeName>
              <spirit:viewNameRef>xilinx_vhdlsynthesis</spirit:viewNameRef>
            </spirit:wireTypeDef>
          </spirit:wireTypeDefs>
        </spirit:wire>
      </spirit:port>
      <spirit:port>
        <spirit:name>s_axi_awaddr</spirit:name>
        <spirit:wire>
          <spirit:direction>in</spirit:direction>
          <spirit:vector>
            <spirit:left spirit:format="long" spirit:resolve="immediate">8</spirit:left>
            <spirit:right spirit:format="long" spirit:resolve="immediate">0</spirit:right>
          </spirit:vector>
          <spirit:wireTypeDefs>
            <spirit:wireTypeDef>
              <spirit:typeName>std_logic_vector</spirit:typeName>
              <spirit:viewNameRef>xilinx_vhdlsynthesis</spirit:viewNameRef>
            </spirit:wireTypeDef>
          </spirit:wireTypeDefs>
        </spirit:wire>
      </spirit:port>
      <spirit:port>
        <spirit:name>s_axi_awvalid</spirit:name>
        <spirit:wire>
          <spirit:direction>in</spirit:direction>
          <spirit:wireTypeDefs>
            <spirit:wireTypeDef>
              <spirit:typeName>std_logic</spirit:typeName>
              <spirit:viewNameRef>xilinx_vhdlsynthesis</spirit:viewNameRef>
            </spirit:wireTypeDef>
          </spirit:wireTypeDefs>
        </spirit:wire>
      </spirit:port>
      <spirit:port>
        <spirit:name>s_axi_awready</spirit:name>
        <spirit:wire>
          <spirit:direction>out</spirit:direction>
          <spirit:wireTypeDefs>
            <spirit:wireTypeDef>
              <spirit:typeName>std_logic</spirit:typeName>
              <spirit:viewNameRef>xilinx_vhdlsynthesis</spirit:viewNameRef>
            </spirit:wireTypeDef>
          </spirit:wireTypeDefs>
        </spirit:wire>
      </spirit:port>
      <spirit:port>
        <spirit:name>s_axi_wdata</spirit:name>
        <spirit:wire>
          <spirit:direction>in</spirit:direction>
          <spirit:vector>
            <spirit:left spirit:format="long" spirit:resolve="immediate">31</spirit:left>
            <spirit:right spirit:format="long" spirit:resolve="immediate">0</spirit:right>
          </spirit:vector>
          <spirit:wireTypeDefs>
            <spirit:wireTypeDef>
              <spirit:typeName>std_logic_vector</spirit:typeName>
              <spirit:viewNameRef>xilinx_vhdlsynthesis</spirit:viewNameRef>
            </spirit:wireTypeDef>
          </spirit:wireTypeDefs>
        </spirit:wire>
      </spirit:port>
      <spirit:port>
        <spirit:name>s_axi_wstrb</spirit:name>
        <spirit:wire>
          <spirit:direction>in</spirit:direction>
          <spirit:vector>
            <spirit:left spirit:format="long" spirit:resolve="dependent" spirit:dependency="((spirit:decode(id(&apos;MODELPARAM_VALUE.C_S_AXI_DATA_WIDTH&apos;)) div 8) - 1)">3</spirit:left>
            <spirit:right spirit:format="long" spirit:resolve="immediate">0</spirit:right>
          </spirit:vector>
          <spirit:wireTypeDefs>
            <spirit:wireTypeDef>
              <spirit:typeName>std_logic_vector</spirit:typeName>
              <spirit:viewNameRef>xilinx_vhdlsynthesis</spirit:viewNameRef>
            </spirit:wireTypeDef>
          </spirit:wireTypeDefs>
        </spirit:wire>
      </spirit:port>
      <spirit:port>
        <spirit:name>s_axi_wvalid</spirit:name>
        <spirit:wire>
          <spirit:direction>in</spirit:direction>
          <spirit:wireTypeDefs>
            <spirit:wireTypeDef>
              <spirit:typeName>std_logic</spirit:typeName>
              <spirit:viewNameRef>xilinx_vhdlsynthesis</spirit:viewNameRef>
            </spirit:wireTypeDef>
          </spirit:wireTypeDefs>
        </spirit:wire>
      </spirit:port>
      <spirit:port>
        <spirit:name>s_axi_wready</spirit:name>
        <spirit:wire>
          <spirit:direction>out</spirit:direction>
          <spirit:wireTypeDefs>
            <spirit:wireTypeDef>
              <spirit:typeName>std_logic</spirit:typeName>
              <spirit:viewNameRef>xilinx_vhdlsynthesis</spirit:viewNameRef>
            </spirit:wireTypeDef>
          </spirit:wireTypeDefs>
        </spirit:wire>
      </spirit:port>
      <spirit:port>
        <spirit:name>s_axi_bresp</spirit:name>
        <spirit:wire>
          <spirit:direction>out</spirit:direction>
          <spirit:vector>
            <spirit:left spirit:format="long" spirit:resolve="immediate">1</spirit:left>
            <spirit:right spirit:format="long" spirit:resolve="immediate">0</spirit:right>
          </spirit:vector>
          <spirit:wireTypeDefs>
            <spirit:wireTypeDef>
              <spirit:typeName>std_logic_vector</spirit:typeName>
              <spirit:viewNameRef>xilinx_vhdlsynthesis</spirit:viewNameRef>
            </spirit:wireTypeDef>
          </spirit:wireTypeDefs>
        </spirit:wire>
      </spirit:port>
      <spirit:port>
        <spirit:name>s_axi_bvalid</spirit:name>
        <spirit:wire>
          <spirit:direction>out</spirit:direction>
          <spirit:wireTypeDefs>
            <spirit:wireTypeDef>
              <spirit:typeName>std_logic</spirit:typeName>
              <spirit:viewNameRef>xilinx_vhdlsynthesis</spirit:viewNameRef>
            </spirit:wireTypeDef>
          </spirit:wireTypeDefs>
        </spirit:wire>
      </spirit:port>
      <spirit:port>
        <spirit:name>s_axi_bready</spirit:name>
        <spirit:wire>
          <spirit:direction>in</spirit:direction>
          <spirit:wireTypeDefs>
            <spirit:wireTypeDef>
              <spirit:typeName>std_logic</spirit:typeName>
              <spirit:viewNameRef>xilinx_vhdlsynthesis</spirit:viewNameRef>
            </spirit:wireTypeDef>
          </spirit:wireTypeDefs>
        </spirit:wire>
      </spirit:port>
      <spirit:port>
        <spirit:name>s_axi_araddr</spirit:name>
        <spirit:wire>
          <spirit:direction>in</spirit:direction>
          <spirit:vector>
            <spirit:left spirit:format="long" spirit:resolve="immediate">8</spirit:left>
            <spirit:right spirit:format="long" spirit:resolve="immediate">0</spirit:right>
          </spirit:vector>
          <spirit:wireTypeDefs>
            <spirit:wireTypeDef>
              <spirit:typeName>std_logic_vector</spirit:typeName>
              <spirit:viewNameRef>xilinx_vhdlsynthesis</spirit:viewNameRef>
            </spirit:wireTypeDef>
          </spirit:wireTypeDefs>
        </spirit:wire>
      </spirit:port>
      <spirit:port>
        <spirit:name>s_axi_arvalid</spirit:name>
        <spirit:wire>
          <spirit:direction>in</spirit:direction>
          <spirit:wireTypeDefs>
            <spirit:wireTypeDef>
              <spirit:typeName>std_logic</spirit:typeName>
              <spirit:viewNameRef>xilinx_vhdlsynthesis</spirit:viewNameRef>
            </spirit:wireTypeDef>
          </spirit:wireTypeDefs>
        </spirit:wire>
      </spirit:port>
      <spirit:port>
        <spirit:name>s_axi_arready</spirit:name>
        <spirit:wire>
          <spirit:direction>out</spirit:direction>
          <spirit:wireTypeDefs>
            <spirit:wireTypeDef>
              <spirit:typeName>std_logic</spirit:typeName>
              <spirit:viewNameRef>xilinx_vhdlsynthesis</spirit:viewNameRef>
            </spirit:wireTypeDef>
          </spirit:wireTypeDefs>
        </spirit:wire>
      </spirit:port>
      <spirit:port>
        <spirit:name>s_axi_rdata</spirit:name>
        <spirit:wire>
          <spirit:direction>out</spirit:direction>
          <spirit:vector>
            <spirit:left spirit:format="long" spirit:resolve="immediate">31</spirit:left>
            <spirit:right spirit:format="long" spirit:resolve="immediate">0</spirit:right>
          </spirit:vector>
          <spirit:wireTypeDefs>
            <spirit:wireTypeDef>
              <spirit:typeName>std_logic_vector</spirit:typeName>
              <spirit:viewNameRef>xilinx_vhdlsynthesis</spirit:viewNameRef>
            </spirit:wireTypeDef>
          </spirit:wireTypeDefs>
        </spirit:wire>
      </spirit:port>
      <spirit:port>
        <spirit:name>s_axi_rresp</spirit:name>
        <spirit:wire>
          <spirit:direction>out</spirit:direction>
          <spirit:vector>
            <spirit:left spirit:format="long" spirit:resolve="immediate">1</spirit:left>
            <spirit:right spirit:format="long" spirit:resolve="immediate">0</spirit:right>
          </spirit:vector>
          <spirit:wireTypeDefs>
            <spirit:wireTypeDef>
              <spirit:typeName>std_logic_vector</spirit:typeName>
              <spirit:viewNameRef>xilinx_vhdlsynthesis</spirit:viewNameRef>
            </spirit:wireTypeDef>
          </spirit:wireTypeDefs>
        </spirit:wire>
      </spirit:port>
      <spirit:port>
        <spirit:name>s_axi_rvalid</spirit:name>
        <spirit:wire>
          <spirit:direction>out</spirit:direction>
          <spirit:wireTypeDefs>
            <spirit:wireTypeDef>
              <spirit:typeName>std_logic</spirit:typeName>
              <spirit:viewNameRef>xilinx_vhdlsynthesis</spirit:viewNameRef>
            </spirit:wireTypeDef>
          </spirit:wireTypeDefs>
        </spirit:wire>
      </spirit:port>
      <spirit:port>
        <spirit:name>s_axi_rready</spirit:name>
        <spirit:wire>
          <spirit:direction>in</spirit:direction>
          <spirit:wireTypeDefs>
            <spirit:wireTypeDef>
              <spirit:typeName>std_logic</spirit:typeName>
              <spirit:viewNameRef>xilinx_vhdlsynthesis</spirit:viewNameRef>
            </spirit:wireTypeDef>
          </spirit:wireTypeDefs>
        </spirit:wire>
      </spirit:port>
      <spirit:port>
        <spirit:name>ip2intc_irpt</spirit:name>
        <spirit:wire>
          <spirit:direction>out</spirit:direction>
          <spirit:wireTypeDefs>
            <spirit:wireTypeDef>
              <spirit:typeName>std_logic</spirit:typeName>
              <spirit:viewNameRef>xilinx_vhdlsynthesis</spirit:viewNameRef>
            </spirit:wireTypeDef>
          </spirit:wireTypeDefs>
        </spirit:wire>
        <spirit:vendorExtensions>
          <xilinx:portInfo>
            <xilinx:enablement>
              <xilinx:presence>optional</xilinx:presence>
              <xilinx:isEnabled xilinx:resolve="dependent" xilinx:dependency="(spirit:decode(id(&apos;MODELPARAM_VALUE.C_INTERRUPT_PRESENT&apos;))=1)">false</xilinx:isEnabled>
            </xilinx:enablement>
          </xilinx:portInfo>
        </spirit:vendorExtensions>
      </spirit:port>
      <spirit:port>
        <spirit:name>gpio_io_i</spirit:name>
        <spirit:wire>
          <spirit:direction>in</spirit:direction>
          <spirit:vector>
            <spirit:left spirit:format="long" spirit:resolve="dependent" spirit:dependency="(spirit:decode(id(&apos;MODELPARAM_VALUE.C_GPIO_WIDTH&apos;)) - 1)">7</spirit:left>
            <spirit:right spirit:format="long" spirit:resolve="immediate">0</spirit:right>
          </spirit:vector>
          <spirit:wireTypeDefs>
            <spirit:wireTypeDef>
              <spirit:typeName>std_logic_vector</spirit:typeName>
              <spirit:viewNameRef>xilinx_vhdlsynthesis</spirit:viewNameRef>
            </spirit:wireTypeDef>
          </spirit:wireTypeDefs>
          <spirit:driver>
            <spirit:defaultValue>0</spirit:defaultValue>
          </spirit:driver>
        </spirit:wire>
        <spirit:vendorExtensions>
          <xilinx:portInfo>
            <xilinx:enablement>
              <xilinx:presence>optional</xilinx:presence>
              <xilinx:isEnabled xilinx:resolve="dependent" xilinx:dependency="(spirit:decode(id(&apos;MODELPARAM_VALUE.C_ALL_OUTPUTS&apos;)) =0)">false</xilinx:isEnabled>
            </xilinx:enablement>
          </xilinx:portInfo>
        </spirit:vendorExtensions>
      </spirit:port>
      <spirit:port>
        <spirit:name>gpio_io_o</spirit:name>
        <spirit:wire>
          <spirit:direction>out</spirit:direction>
          <spirit:vector>
            <spirit:left spirit:format="long" spirit:resolve="dependent" spirit:dependency="(spirit:decode(id(&apos;MODELPARAM_VALUE.C_GPIO_WIDTH&apos;)) - 1)">7</spirit:left>
            <spirit:right spirit:format="long" spirit:resolve="immediate">0</spirit:right>
          </spirit:vector>
          <spirit:wireTypeDefs>
            <spirit:wireTypeDef>
              <spirit:typeName>std_logic_vector</spirit:typeName>
              <spirit:viewNameRef>xilinx_vhdlsynthesis</spirit:viewNameRef>
            </spirit:wireTypeDef>
          </spirit:wireTypeDefs>
        </spirit:wire>
        <spirit:vendorExtensions>
          <xilinx:portInfo>
            <xilinx:enablement>
              <xilinx:presence>optional</xilinx:presence>
              <xilinx:isEnabled xilinx:resolve="dependent" xilinx:dependency="(spirit:decode(id(&apos;MODELPARAM_VALUE.C_ALL_INPUTS&apos;)) =0)">true</xilinx:isEnabled>
            </xilinx:enablement>
          </xilinx:portInfo>
        </spirit:vendorExtensions>
      </spirit:port>
      <spirit:port>
        <spirit:name>gpio_io_t</spirit:name>
        <spirit:wire>
          <spirit:direction>out</spirit:direction>
          <spirit:vector>
            <spirit:left spirit:format="long" spirit:resolve="dependent" spirit:dependency="(spirit:decode(id(&apos;MODELPARAM_VALUE.C_GPIO_WIDTH&apos;)) - 1)">7</spirit:left>
            <spirit:right spirit:format="long" spirit:resolve="immediate">0</spirit:right>
          </spirit:vector>
          <spirit:wireTypeDefs>
            <spirit:wireTypeDef>
              <spirit:typeName>std_logic_vector</spirit:typeName>
              <spirit:viewNameRef>xilinx_vhdlsynthesis</spirit:viewNameRef>
            </spirit:wireTypeDef>
          </spirit:wireTypeDefs>
        </spirit:wire>
        <spirit:vendorExtensions>
          <xilinx:portInfo>
            <xilinx:enablement>
              <xilinx:presence>optional</xilinx:presence>
              <xilinx:isEnabled xilinx:resolve="dependent" xilinx:dependency="(spirit:decode(id(&apos;MODELPARAM_VALUE.C_ALL_INPUTS&apos;)) =0) and (spirit:decode(id(&apos;MODELPARAM_VALUE.C_ALL_OUTPUTS&apos;)) =0)">false</xilinx:isEnabled>
            </xilinx:enablement>
          </xilinx:portInfo>
        </spirit:vendorExtensions>
      </spirit:port>
      <spirit:port>
        <spirit:name>gpio2_io_i</spirit:name>
        <spirit:wire>
          <spirit:direction>in</spirit:direction>
          <spirit:vector>
            <spirit:left spirit:format="long" spirit:resolve="dependent" spirit:dependency="(spirit:decode(id(&apos;MODELPARAM_VALUE.C_GPIO2_WIDTH&apos;)) - 1)">31</spirit:left>
            <spirit:right spirit:format="long" spirit:resolve="immediate">0</spirit:right>
          </spirit:vector>
          <spirit:wireTypeDefs>
            <spirit:wireTypeDef>
              <spirit:typeName>std_logic_vector</spirit:typeName>
              <spirit:viewNameRef>xilinx_vhdlsynthesis</spirit:viewNameRef>
            </spirit:wireTypeDef>
          </spirit:wireTypeDefs>
          <spirit:driver>
            <spirit:defaultValue>0</spirit:defaultValue>
          </spirit:driver>
        </spirit:wire>
        <spirit:vendorExtensions>
          <xilinx:portInfo>
            <xilinx:enablement>
              <xilinx:presence>optional</xilinx:presence>
              <xilinx:isEnabled xilinx:resolve="dependent" xilinx:dependency="(spirit:decode(id(&apos;MODELPARAM_VALUE.C_IS_DUAL&apos;))= 1) and (spirit:decode(id(&apos;MODELPARAM_VALUE.C_ALL_OUTPUTS_2&apos;))= 0)">false</xilinx:isEnabled>
            </xilinx:enablement>
          </xilinx:portInfo>
        </spirit:vendorExtensions>
      </spirit:port>
      <spirit:port>
        <spirit:name>gpio2_io_o</spirit:name>
        <spirit:wire>
          <spirit:direction>out</spirit:direction>
          <spirit:vector>
            <spirit:left spirit:format="long" spirit:resolve="dependent" spirit:dependency="(spirit:decode(id(&apos;MODELPARAM_VALUE.C_GPIO2_WIDTH&apos;)) - 1)">31</spirit:left>
            <spirit:right spirit:format="long" spirit:resolve="immediate">0</spirit:right>
          </spirit:vector>
          <spirit:wireTypeDefs>
            <spirit:wireTypeDef>
              <spirit:typeName>std_logic_vector</spirit:typeName>
              <spirit:viewNameRef>xilinx_vhdlsynthesis</spirit:viewNameRef>
            </spirit:wireTypeDef>
          </spirit:wireTypeDefs>
        </spirit:wire>
        <spirit:vendorExtensions>
          <xilinx:portInfo>
            <xilinx:enablement>
              <xilinx:presence>optional</xilinx:presence>
              <xilinx:isEnabled xilinx:resolve="dependent" xilinx:dependency="(spirit:decode(id(&apos;MODELPARAM_VALUE.C_IS_DUAL&apos;))= 1) and (spirit:decode(id(&apos;MODELPARAM_VALUE.C_ALL_INPUTS_2&apos;))=0)">false</xilinx:isEnabled>
            </xilinx:enablement>
          </xilinx:portInfo>
        </spirit:vendorExtensions>
      </spirit:port>
      <spirit:port>
        <spirit:name>gpio2_io_t</spirit:name>
        <spirit:wire>
          <spirit:direction>out</spirit:direction>
          <spirit:vector>
            <spirit:left spirit:format="long" spirit:resolve="dependent" spirit:dependency="(spirit:decode(id(&apos;MODELPARAM_VALUE.C_GPIO2_WIDTH&apos;)) - 1)">31</spirit:left>
            <spirit:right spirit:format="long" spirit:resolve="immediate">0</spirit:right>
          </spirit:vector>
          <spirit:wireTypeDefs>
            <spirit:wireTypeDef>
              <spirit:typeName>std_logic_vector</spirit:typeName>
              <spirit:viewNameRef>xilinx_vhdlsynthesis</spirit:viewNameRef>
            </spirit:wireTypeDef>
          </spirit:wireTypeDefs>
        </spirit:wire>
        <spirit:vendorExtensions>
          <xilinx:portInfo>
            <xilinx:enablement>
              <xilinx:presence>optional</xilinx:presence>
              <xilinx:isEnabled xilinx:resolve="dependent" xilinx:dependency="(spirit:decode(id(&apos;MODELPARAM_VALUE.C_IS_DUAL&apos;))= 1) and (spirit:decode(id(&apos;MODELPARAM_VALUE.C_ALL_OUTPUTS_2&apos;)) =0) and (spirit:decode(id(&apos;MODELPARAM_VALUE.C_ALL_INPUTS_2&apos;))=0)">false</xilinx:isEnabled>
            </xilinx:enablement>
          </xilinx:portInfo>
        </spirit:vendorExtensions>
      </spirit:port>
    </spirit:ports>
    <spirit:modelParameters>
      <spirit:modelParameter xsi:type="spirit:nameValueTypeType" spirit:dataType="string">
        <spirit:name>C_FAMILY</spirit:name>
        <spirit:value spirit:format="string" spirit:resolve="generated" spirit:id="MODELPARAM_VALUE.C_FAMILY">zynq</spirit:value>
      </spirit:modelParameter>
      <spirit:modelParameter spirit:dataType="integer">
        <spirit:name>C_S_AXI_ADDR_WIDTH</spirit:name>
        <spirit:displayName>C S Axi Addr Width</spirit:displayName>
        <spirit:value spirit:format="long" spirit:resolve="immediate" spirit:id="MODELPARAM_VALUE.C_S_AXI_ADDR_WIDTH">9</spirit:value>
      </spirit:modelParameter>
      <spirit:modelParameter spirit:dataType="integer">
        <spirit:name>C_S_AXI_DATA_WIDTH</spirit:name>
        <spirit:displayName>C S Axi Data Width</spirit:displayName>
        <spirit:value spirit:format="long" spirit:resolve="immediate" spirit:id="MODELPARAM_VALUE.C_S_AXI_DATA_WIDTH" spirit:minimum="32" spirit:maximum="128" spirit:rangeType="long">32</spirit:value>
      </spirit:modelParameter>
      <spirit:modelParameter spirit:dataType="integer">
        <spirit:name>C_GPIO_WIDTH</spirit:name>
        <spirit:displayName>GPIO Width</spirit:displayName>
        <spirit:value spirit:format="long" spirit:resolve="generated" spirit:id="MODELPARAM_VALUE.C_GPIO_WIDTH" spirit:minimum="1" spirit:maximum="32" spirit:rangeType="long">8</spirit:value>
      </spirit:modelParameter>
      <spirit:modelParameter spirit:dataType="integer">
        <spirit:name>C_GPIO2_WIDTH</spirit:name>
        <spirit:displayName>GPIO2 Data Width</spirit:displayName>
        <spirit:value spirit:format="long" spirit:resolve="generated" spirit:id="MODELPARAM_VALUE.C_GPIO2_WIDTH" spirit:minimum="1" spirit:maximum="32" spirit:rangeType="long">32</spirit:value>
      </spirit:modelParameter>
      <spirit:modelParameter spirit:dataType="integer">
        <spirit:name>C_ALL_INPUTS</spirit:name>
        <spirit:displayName>All Inputs</spirit:displayName>
        <spirit:value spirit:format="long" spirit:resolve="generated" spirit:id="MODELPARAM_VALUE.C_ALL_INPUTS" spirit:minimum="0" spirit:maximum="1" spirit:rangeType="long">0</spirit:value>
      </spirit:modelParameter>
      <spirit:modelParameter spirit:dataType="integer">
        <spirit:name>C_ALL_INPUTS_2</spirit:name>
        <spirit:displayName>All Inputs</spirit:displayName>
        <spirit:value spirit:format="long" spirit:resolve="generated" spirit:id="MODELPARAM_VALUE.C_ALL_INPUTS_2" spirit:minimum="0" spirit:maximum="1" spirit:rangeType="long">0</spirit:value>
      </spirit:modelParameter>
      <spirit:modelParameter spirit:dataType="integer">
        <spirit:name>C_ALL_OUTPUTS</spirit:name>
        <spirit:displayName>All Outputs</spirit:displayName>
        <spirit:value spirit:format="long" spirit:resolve="generated" spirit:id="MODELPARAM_VALUE.C_ALL_OUTPUTS" spirit:minimum="0" spirit:maximum="1" spirit:rangeType="long">1</spirit:value>
      </spirit:modelParameter>
      <spirit:modelParameter spirit:dataType="integer">
        <spirit:name>C_ALL_OUTPUTS_2</spirit:name>
        <spirit:displayName>All Outputs</spirit:displayName>
        <spirit:value spirit:format="long" spirit:resolve="generated" spirit:id="MODELPARAM_VALUE.C_ALL_OUTPUTS_2" spirit:minimum="0" spirit:maximum="1" spirit:rangeType="long">0</spirit:value>
      </spirit:modelParameter>
      <spirit:modelParameter spirit:dataType="integer">
        <spirit:name>C_INTERRUPT_PRESENT</spirit:name>
        <spirit:displayName>Enable Interrupt </spirit:displayName>
        <spirit:value spirit:format="long" spirit:resolve="generated" spirit:id="MODELPARAM_VALUE.C_INTERRUPT_PRESENT" spirit:minimum="0" spirit:maximum="1" spirit:rangeType="long">0</spirit:value>
      </spirit:modelParameter>
      <spirit:modelParameter spirit:dataType="std_logic_vector(31 downto 0)">
        <spirit:name>C_DOUT_DEFAULT</spirit:name>
        <spirit:displayName>Default DOUT value</spirit:displayName>
        <spirit:value spirit:format="bitString" spirit:resolve="generated" spirit:id="MODELPARAM_VALUE.C_DOUT_DEFAULT" spirit:bitStringLength="32">0x00000000</spirit:value>
      </spirit:modelParameter>
      <spirit:modelParameter spirit:dataType="std_logic_vector(31 downto 0)">
        <spirit:name>C_TRI_DEFAULT</spirit:name>
        <spirit:displayName>Default tri state value</spirit:displayName>
        <spirit:value spirit:format="bitString" spirit:resolve="generated" spirit:id="MODELPARAM_VALUE.C_TRI_DEFAULT" spirit:bitStringLength="32">0xFFFFFFFF</spirit:value>
      </spirit:modelParameter>
      <spirit:modelParameter spirit:dataType="integer">
        <spirit:name>C_IS_DUAL</spirit:name>
        <spirit:displayName>Enable Dual channel</spirit:displayName>
        <spirit:value spirit:format="long" spirit:resolve="generated" spirit:id="MODELPARAM_VALUE.C_IS_DUAL" spirit:minimum="0" spirit:maximum="1" spirit:rangeType="long">0</spirit:value>
      </spirit:modelParameter>
      <spirit:modelParameter spirit:dataType="std_logic_vector(31 downto 0)">
        <spirit:name>C_DOUT_DEFAULT_2</spirit:name>
        <spirit:displayName>Default DOUT value2</spirit:displayName>
        <spirit:value spirit:format="bitString" spirit:resolve="generated" spirit:id="MODELPARAM_VALUE.C_DOUT_DEFAULT_2" spirit:bitStringLength="32">0x00000000</spirit:value>
      </spirit:modelParameter>
      <spirit:modelParameter spirit:dataType="std_logic_vector(31 downto 0)">
        <spirit:name>C_TRI_DEFAULT_2</spirit:name>
        <spirit:displayName>Default tri state value2</spirit:displayName>
        <spirit:value spirit:format="bitString" spirit:resolve="generated" spirit:id="MODELPARAM_VALUE.C_TRI_DEFAULT_2" spirit:bitStringLength="32">0xFFFFFFFF</spirit:value>
      </spirit:modelParameter>
    </spirit:modelParameters>
  </spirit:model>
  <spirit:choices>
    <spirit:choice>
      <spirit:name>choices_0</spirit:name>
      <spirit:enumeration spirit:text="false">0</spirit:enumeration>
      <spirit:enumeration spirit:text="true">1</spirit:enumeration>
    </spirit:choice>
    <spirit:choice>
      <spirit:name>choices_1</spirit:name>
      <spirit:enumeration spirit:text="false">0</spirit:enumeration>
      <spirit:enumeration spirit:text="true">1</spirit:enumeration>
    </spirit:choice>
    <spirit:choice>
      <spirit:name>choices_2</spirit:name>
      <spirit:enumeration spirit:text="false">0</spirit:enumeration>
      <spirit:enumeration spirit:text="true">1</spirit:enumeration>
    </spirit:choice>
    <spirit:choice>
      <spirit:name>choices_3</spirit:name>
      <spirit:enumeration spirit:text="false">0</spirit:enumeration>
      <spirit:enumeration spirit:text="true">1</spirit:enumeration>
    </spirit:choice>
    <spirit:choice>
      <spirit:name>choices_4</spirit:name>
      <spirit:enumeration spirit:text="Custom">Custom</spirit:enumeration>
      <spirit:enumeration spirit:text="btns 5bits">btns_5bits</spirit:enumeration>
      <spirit:enumeration spirit:text="leds 8bits">leds_8bits</spirit:enumeration>
      <spirit:enumeration spirit:text="sws 8bits">sws_8bits</spirit:enumeration>
    </spirit:choice>
    <spirit:choice>
      <spirit:name>choices_5</spirit:name>
      <spirit:enumeration spirit:text="Custom">Custom</spirit:enumeration>
      <spirit:enumeration spirit:text="btns 5bits">btns_5bits</spirit:enumeration>
      <spirit:enumeration spirit:text="leds 8bits">leds_8bits</spirit:enumeration>
      <spirit:enumeration spirit:text="sws 8bits">sws_8bits</spirit:enumeration>
    </spirit:choice>
    <spirit:choice>
      <spirit:name>choices_6</spirit:name>
      <spirit:enumeration spirit:text="false">0</spirit:enumeration>
      <spirit:enumeration spirit:text="true">1</spirit:enumeration>
    </spirit:choice>
    <spirit:choice>
      <spirit:name>choices_7</spirit:name>
      <spirit:enumeration spirit:text="false">0</spirit:enumeration>
      <spirit:enumeration spirit:text="true">1</spirit:enumeration>
    </spirit:choice>
  </spirit:choices>
  <spirit:fileSets>
    <spirit:fileSet>
      <spirit:name>xilinx_vhdlsynthesis_view_fileset</spirit:name>
      <spirit:file>
        <spirit:name>blk_mem_gen_v8_0/blk_mem_gen_v8_0_synth_comp.vhd</spirit:name>
        <spirit:fileType>vhdlSource</spirit:fileType>
        <spirit:logicalName>blk_mem_gen_v8_0</spirit:logicalName>
      </spirit:file>
      <spirit:file>
        <spirit:name>blk_mem_gen_v8_0/blk_mem_gen_v8_0_defaults.vhd</spirit:name>
        <spirit:fileType>vhdlSource</spirit:fileType>
        <spirit:logicalName>blk_mem_gen_v8_0</spirit:logicalName>
      </spirit:file>
      <spirit:file>
        <spirit:name>blk_mem_gen_v8_0/blk_mem_gen_v8_0_pkg.vhd</spirit:name>
        <spirit:fileType>vhdlSource</spirit:fileType>
        <spirit:logicalName>blk_mem_gen_v8_0</spirit:logicalName>
      </spirit:file>
      <spirit:file>
        <spirit:name>blk_mem_gen_v8_0/blk_mem_gen_getinit_pkg.vhd</spirit:name>
        <spirit:fileType>vhdlSource</spirit:fileType>
        <spirit:logicalName>blk_mem_gen_v8_0</spirit:logicalName>
      </spirit:file>
      <spirit:file>
        <spirit:name>blk_mem_gen_v8_0/blk_mem_min_area_pkg.vhd</spirit:name>
        <spirit:fileType>vhdlSource</spirit:fileType>
        <spirit:logicalName>blk_mem_gen_v8_0</spirit:logicalName>
      </spirit:file>
      <spirit:file>
        <spirit:name>blk_mem_gen_v8_0/blk_mem_gen_bindec.vhd</spirit:name>
        <spirit:fileType>vhdlSource</spirit:fileType>
        <spirit:logicalName>blk_mem_gen_v8_0</spirit:logicalName>
      </spirit:file>
      <spirit:file>
        <spirit:name>blk_mem_gen_v8_0/blk_mem_gen_mux.vhd</spirit:name>
        <spirit:fileType>vhdlSource</spirit:fileType>
        <spirit:logicalName>blk_mem_gen_v8_0</spirit:logicalName>
      </spirit:file>
      <spirit:file>
        <spirit:name>blk_mem_gen_v8_0/blk_mem_gen_prim_wrapper_v6.vhd</spirit:name>
        <spirit:fileType>vhdlSource</spirit:fileType>
        <spirit:logicalName>blk_mem_gen_v8_0</spirit:logicalName>
      </spirit:file>
      <spirit:file>
        <spirit:name>blk_mem_gen_v8_0/blk_mem_gen_prim_wrapper_v6_init.vhd</spirit:name>
        <spirit:fileType>vhdlSource</spirit:fileType>
        <spirit:logicalName>blk_mem_gen_v8_0</spirit:logicalName>
      </spirit:file>
      <spirit:file>
        <spirit:name>blk_mem_gen_v8_0/blk_mem_gen_prim_width.vhd</spirit:name>
        <spirit:fileType>vhdlSource</spirit:fileType>
        <spirit:logicalName>blk_mem_gen_v8_0</spirit:logicalName>
      </spirit:file>
      <spirit:file>
        <spirit:name>blk_mem_gen_v8_0/blk_mem_gen_generic_cstr.vhd</spirit:name>
        <spirit:fileType>vhdlSource</spirit:fileType>
        <spirit:logicalName>blk_mem_gen_v8_0</spirit:logicalName>
      </spirit:file>
      <spirit:file>
        <spirit:name>blk_mem_gen_v8_0/blk_mem_gen_ecc_encoder.vhd</spirit:name>
        <spirit:fileType>vhdlSource</spirit:fileType>
        <spirit:logicalName>blk_mem_gen_v8_0</spirit:logicalName>
      </spirit:file>
      <spirit:file>
        <spirit:name>blk_mem_gen_v8_0/blk_mem_gen_ecc_decoder.vhd</spirit:name>
        <spirit:fileType>vhdlSource</spirit:fileType>
        <spirit:logicalName>blk_mem_gen_v8_0</spirit:logicalName>
      </spirit:file>
      <spirit:file>
        <spirit:name>blk_mem_gen_v8_0/blk_mem_input_block.vhd</spirit:name>
        <spirit:fileType>vhdlSource</spirit:fileType>
        <spirit:logicalName>blk_mem_gen_v8_0</spirit:logicalName>
      </spirit:file>
      <spirit:file>
        <spirit:name>blk_mem_gen_v8_0/blk_mem_output_block.vhd</spirit:name>
        <spirit:fileType>vhdlSource</spirit:fileType>
        <spirit:logicalName>blk_mem_gen_v8_0</spirit:logicalName>
      </spirit:file>
      <spirit:file>
        <spirit:name>blk_mem_gen_v8_0/blk_mem_axi_read_fsm.vhd</spirit:name>
        <spirit:fileType>vhdlSource</spirit:fileType>
        <spirit:logicalName>blk_mem_gen_v8_0</spirit:logicalName>
      </spirit:file>
      <spirit:file>
        <spirit:name>blk_mem_gen_v8_0/blk_mem_axi_read_wrapper.vhd</spirit:name>
        <spirit:fileType>vhdlSource</spirit:fileType>
        <spirit:logicalName>blk_mem_gen_v8_0</spirit:logicalName>
      </spirit:file>
      <spirit:file>
        <spirit:name>blk_mem_gen_v8_0/blk_mem_axi_write_fsm.vhd</spirit:name>
        <spirit:fileType>vhdlSource</spirit:fileType>
        <spirit:logicalName>blk_mem_gen_v8_0</spirit:logicalName>
      </spirit:file>
      <spirit:file>
        <spirit:name>blk_mem_gen_v8_0/blk_mem_axi_write_wrapper.vhd</spirit:name>
        <spirit:fileType>vhdlSource</spirit:fileType>
        <spirit:logicalName>blk_mem_gen_v8_0</spirit:logicalName>
      </spirit:file>
      <spirit:file>
        <spirit:name>blk_mem_gen_v8_0/blk_mem_axi_regs_fwd.vhd</spirit:name>
        <spirit:fileType>vhdlSource</spirit:fileType>
        <spirit:logicalName>blk_mem_gen_v8_0</spirit:logicalName>
      </spirit:file>
      <spirit:file>
        <spirit:name>blk_mem_gen_v8_0/blk_mem_gen_top.vhd</spirit:name>
        <spirit:fileType>vhdlSource</spirit:fileType>
        <spirit:logicalName>blk_mem_gen_v8_0</spirit:logicalName>
      </spirit:file>
      <spirit:file>
        <spirit:name>blk_mem_gen_v8_0/blk_mem_gen_v8_0_synth.vhd</spirit:name>
        <spirit:fileType>vhdlSource</spirit:fileType>
        <spirit:logicalName>blk_mem_gen_v8_0</spirit:logicalName>
      </spirit:file>
      <spirit:file>
        <spirit:name>blk_mem_gen_v8_0/blk_mem_gen_v8_0.vhd</spirit:name>
        <spirit:fileType>vhdlSource</spirit:fileType>
        <spirit:logicalName>blk_mem_gen_v8_0</spirit:logicalName>
      </spirit:file>
      <spirit:file>
        <spirit:name>fifo_generator_v10_0/fifo_generator_v10_0_pkg.vhd</spirit:name>
        <spirit:fileType>vhdlSource</spirit:fileType>
        <spirit:logicalName>fifo_generator_v10_0</spirit:logicalName>
      </spirit:file>
      <spirit:file>
        <spirit:name>fifo_generator_v10_0/fifo_generator_v10_0_defaults.vhd</spirit:name>
        <spirit:fileType>vhdlSource</spirit:fileType>
        <spirit:logicalName>fifo_generator_v10_0</spirit:logicalName>
      </spirit:file>
      <spirit:file>
        <spirit:name>fifo_generator_v10_0/common/input_blk.vhd</spirit:name>
        <spirit:fileType>vhdlSource</spirit:fileType>
        <spirit:logicalName>fifo_generator_v10_0</spirit:logicalName>
      </spirit:file>
      <spirit:file>
        <spirit:name>fifo_generator_v10_0/common/output_blk.vhd</spirit:name>
        <spirit:fileType>vhdlSource</spirit:fileType>
        <spirit:logicalName>fifo_generator_v10_0</spirit:logicalName>
      </spirit:file>
      <spirit:file>
        <spirit:name>fifo_generator_v10_0/common/synchronizer_ff.vhd</spirit:name>
        <spirit:fileType>vhdlSource</spirit:fileType>
        <spirit:logicalName>fifo_generator_v10_0</spirit:logicalName>
      </spirit:file>
      <spirit:file>
        <spirit:name>fifo_generator_v10_0/common/shft_wrapper.vhd</spirit:name>
        <spirit:fileType>vhdlSource</spirit:fileType>
        <spirit:logicalName>fifo_generator_v10_0</spirit:logicalName>
      </spirit:file>
      <spirit:file>
        <spirit:name>fifo_generator_v10_0/common/shft_ram.vhd</spirit:name>
        <spirit:fileType>vhdlSource</spirit:fileType>
        <spirit:logicalName>fifo_generator_v10_0</spirit:logicalName>
      </spirit:file>
      <spirit:file>
        <spirit:name>fifo_generator_v10_0/ramfifo/dmem.vhd</spirit:name>
        <spirit:fileType>vhdlSource</spirit:fileType>
        <spirit:logicalName>fifo_generator_v10_0</spirit:logicalName>
      </spirit:file>
      <spirit:file>
        <spirit:name>fifo_generator_v10_0/ramfifo/memory.vhd</spirit:name>
        <spirit:fileType>vhdlSource</spirit:fileType>
        <spirit:logicalName>fifo_generator_v10_0</spirit:logicalName>
      </spirit:file>
      <spirit:file>
        <spirit:name>fifo_generator_v10_0/ramfifo/compare.vhd</spirit:name>
        <spirit:fileType>vhdlSource</spirit:fileType>
        <spirit:logicalName>fifo_generator_v10_0</spirit:logicalName>
      </spirit:file>
      <spirit:file>
        <spirit:name>fifo_generator_v10_0/ramfifo/wr_bin_cntr.vhd</spirit:name>
        <spirit:fileType>vhdlSource</spirit:fileType>
        <spirit:logicalName>fifo_generator_v10_0</spirit:logicalName>
      </spirit:file>
      <spirit:file>
        <spirit:name>fifo_generator_v10_0/ramfifo/rd_bin_cntr.vhd</spirit:name>
        <spirit:fileType>vhdlSource</spirit:fileType>
        <spirit:logicalName>fifo_generator_v10_0</spirit:logicalName>
      </spirit:file>
      <spirit:file>
        <spirit:name>fifo_generator_v10_0/ramfifo/updn_cntr.vhd</spirit:name>
        <spirit:fileType>vhdlSource</spirit:fileType>
        <spirit:logicalName>fifo_generator_v10_0</spirit:logicalName>
      </spirit:file>
      <spirit:file>
        <spirit:name>fifo_generator_v10_0/ramfifo/rd_status_flags_as.vhd</spirit:name>
        <spirit:fileType>vhdlSource</spirit:fileType>
        <spirit:logicalName>fifo_generator_v10_0</spirit:logicalName>
      </spirit:file>
      <spirit:file>
        <spirit:name>fifo_generator_v10_0/ramfifo/rd_status_flags_ss.vhd</spirit:name>
        <spirit:fileType>vhdlSource</spirit:fileType>
        <spirit:logicalName>fifo_generator_v10_0</spirit:logicalName>
      </spirit:file>
      <spirit:file>
        <spirit:name>fifo_generator_v10_0/common/rd_pe_as.vhd</spirit:name>
        <spirit:fileType>vhdlSource</spirit:fileType>
        <spirit:logicalName>fifo_generator_v10_0</spirit:logicalName>
      </spirit:file>
      <spirit:file>
        <spirit:name>fifo_generator_v10_0/common/rd_pe_ss.vhd</spirit:name>
        <spirit:fileType>vhdlSource</spirit:fileType>
        <spirit:logicalName>fifo_generator_v10_0</spirit:logicalName>
      </spirit:file>
      <spirit:file>
        <spirit:name>fifo_generator_v10_0/ramfifo/rd_handshaking_flags.vhd</spirit:name>
        <spirit:fileType>vhdlSource</spirit:fileType>
        <spirit:logicalName>fifo_generator_v10_0</spirit:logicalName>
      </spirit:file>
      <spirit:file>
        <spirit:name>fifo_generator_v10_0/ramfifo/rd_dc_as.vhd</spirit:name>
        <spirit:fileType>vhdlSource</spirit:fileType>
        <spirit:logicalName>fifo_generator_v10_0</spirit:logicalName>
      </spirit:file>
      <spirit:file>
        <spirit:name>fifo_generator_v10_0/ramfifo/rd_dc_fwft_ext_as.vhd</spirit:name>
        <spirit:fileType>vhdlSource</spirit:fileType>
        <spirit:logicalName>fifo_generator_v10_0</spirit:logicalName>
      </spirit:file>
      <spirit:file>
        <spirit:name>fifo_generator_v10_0/ramfifo/dc_ss.vhd</spirit:name>
        <spirit:fileType>vhdlSource</spirit:fileType>
        <spirit:logicalName>fifo_generator_v10_0</spirit:logicalName>
      </spirit:file>
      <spirit:file>
        <spirit:name>fifo_generator_v10_0/ramfifo/dc_ss_fwft.vhd</spirit:name>
        <spirit:fileType>vhdlSource</spirit:fileType>
        <spirit:logicalName>fifo_generator_v10_0</spirit:logicalName>
      </spirit:file>
      <spirit:file>
        <spirit:name>fifo_generator_v10_0/ramfifo/rd_fwft.vhd</spirit:name>
        <spirit:fileType>vhdlSource</spirit:fileType>
        <spirit:logicalName>fifo_generator_v10_0</spirit:logicalName>
      </spirit:file>
      <spirit:file>
        <spirit:name>fifo_generator_v10_0/ramfifo/rd_logic.vhd</spirit:name>
        <spirit:fileType>vhdlSource</spirit:fileType>
        <spirit:logicalName>fifo_generator_v10_0</spirit:logicalName>
      </spirit:file>
      <spirit:file>
        <spirit:name>fifo_generator_v10_0/ramfifo/rd_logic_pkt_fifo.vhd</spirit:name>
        <spirit:fileType>vhdlSource</spirit:fileType>
        <spirit:logicalName>fifo_generator_v10_0</spirit:logicalName>
      </spirit:file>
      <spirit:file>
        <spirit:name>fifo_generator_v10_0/ramfifo/reset_blk_ramfifo.vhd</spirit:name>
        <spirit:fileType>vhdlSource</spirit:fileType>
        <spirit:logicalName>fifo_generator_v10_0</spirit:logicalName>
      </spirit:file>
      <spirit:file>
        <spirit:name>fifo_generator_v10_0/ramfifo/clk_x_pntrs.vhd</spirit:name>
        <spirit:fileType>vhdlSource</spirit:fileType>
        <spirit:logicalName>fifo_generator_v10_0</spirit:logicalName>
      </spirit:file>
      <spirit:file>
        <spirit:name>fifo_generator_v10_0/ramfifo/wr_status_flags_as.vhd</spirit:name>
        <spirit:fileType>vhdlSource</spirit:fileType>
        <spirit:logicalName>fifo_generator_v10_0</spirit:logicalName>
      </spirit:file>
      <spirit:file>
        <spirit:name>fifo_generator_v10_0/ramfifo/wr_status_flags_ss.vhd</spirit:name>
        <spirit:fileType>vhdlSource</spirit:fileType>
        <spirit:logicalName>fifo_generator_v10_0</spirit:logicalName>
      </spirit:file>
      <spirit:file>
        <spirit:name>fifo_generator_v10_0/common/wr_pf_as.vhd</spirit:name>
        <spirit:fileType>vhdlSource</spirit:fileType>
        <spirit:logicalName>fifo_generator_v10_0</spirit:logicalName>
      </spirit:file>
      <spirit:file>
        <spirit:name>fifo_generator_v10_0/common/wr_pf_ss.vhd</spirit:name>
        <spirit:fileType>vhdlSource</spirit:fileType>
        <spirit:logicalName>fifo_generator_v10_0</spirit:logicalName>
      </spirit:file>
      <spirit:file>
        <spirit:name>fifo_generator_v10_0/ramfifo/wr_handshaking_flags.vhd</spirit:name>
        <spirit:fileType>vhdlSource</spirit:fileType>
        <spirit:logicalName>fifo_generator_v10_0</spirit:logicalName>
      </spirit:file>
      <spirit:file>
        <spirit:name>fifo_generator_v10_0/ramfifo/wr_dc_as.vhd</spirit:name>
        <spirit:fileType>vhdlSource</spirit:fileType>
        <spirit:logicalName>fifo_generator_v10_0</spirit:logicalName>
      </spirit:file>
      <spirit:file>
        <spirit:name>fifo_generator_v10_0/ramfifo/wr_dc_fwft_ext_as.vhd</spirit:name>
        <spirit:fileType>vhdlSource</spirit:fileType>
        <spirit:logicalName>fifo_generator_v10_0</spirit:logicalName>
      </spirit:file>
      <spirit:file>
        <spirit:name>fifo_generator_v10_0/ramfifo/wr_logic.vhd</spirit:name>
        <spirit:fileType>vhdlSource</spirit:fileType>
        <spirit:logicalName>fifo_generator_v10_0</spirit:logicalName>
      </spirit:file>
      <spirit:file>
        <spirit:name>fifo_generator_v10_0/ramfifo/wr_logic_pkt_fifo.vhd</spirit:name>
        <spirit:fileType>vhdlSource</spirit:fileType>
        <spirit:logicalName>fifo_generator_v10_0</spirit:logicalName>
      </spirit:file>
      <spirit:file>
        <spirit:name>fifo_generator_v10_0/ramfifo/wr_status_flags_sshft.vhd</spirit:name>
        <spirit:fileType>vhdlSource</spirit:fileType>
        <spirit:logicalName>fifo_generator_v10_0</spirit:logicalName>
      </spirit:file>
      <spirit:file>
        <spirit:name>fifo_generator_v10_0/ramfifo/rd_status_flags_sshft.vhd</spirit:name>
        <spirit:fileType>vhdlSource</spirit:fileType>
        <spirit:logicalName>fifo_generator_v10_0</spirit:logicalName>
      </spirit:file>
      <spirit:file>
        <spirit:name>fifo_generator_v10_0/ramfifo/wr_pf_sshft.vhd</spirit:name>
        <spirit:fileType>vhdlSource</spirit:fileType>
        <spirit:logicalName>fifo_generator_v10_0</spirit:logicalName>
      </spirit:file>
      <spirit:file>
        <spirit:name>fifo_generator_v10_0/ramfifo/rd_pe_sshft.vhd</spirit:name>
        <spirit:fileType>vhdlSource</spirit:fileType>
        <spirit:logicalName>fifo_generator_v10_0</spirit:logicalName>
      </spirit:file>
      <spirit:file>
        <spirit:name>fifo_generator_v10_0/ramfifo/logic_sshft.vhd</spirit:name>
        <spirit:fileType>vhdlSource</spirit:fileType>
        <spirit:logicalName>fifo_generator_v10_0</spirit:logicalName>
      </spirit:file>
      <spirit:file>
        <spirit:name>fifo_generator_v10_0/ramfifo/async_fifo.vhd</spirit:name>
        <spirit:fileType>vhdlSource</spirit:fileType>
        <spirit:logicalName>fifo_generator_v10_0</spirit:logicalName>
      </spirit:file>
      <spirit:file>
        <spirit:name>fifo_generator_v10_0/ramfifo/fifo_generator_ramfifo.vhd</spirit:name>
        <spirit:fileType>vhdlSource</spirit:fileType>
        <spirit:logicalName>fifo_generator_v10_0</spirit:logicalName>
      </spirit:file>
      <spirit:file>
        <spirit:name>fifo_generator_v10_0/builtin/fifo_generator_v10_0_comps_builtin.vhd</spirit:name>
        <spirit:fileType>vhdlSource</spirit:fileType>
        <spirit:logicalName>fifo_generator_v10_0</spirit:logicalName>
      </spirit:file>
      <spirit:file>
        <spirit:name>fifo_generator_v10_0/builtin/delay.vhd</spirit:name>
        <spirit:fileType>vhdlSource</spirit:fileType>
        <spirit:logicalName>fifo_generator_v10_0</spirit:logicalName>
      </spirit:file>
      <spirit:file>
        <spirit:name>fifo_generator_v10_0/builtin/clk_x_pntrs_builtin.vhd</spirit:name>
        <spirit:fileType>vhdlSource</spirit:fileType>
        <spirit:logicalName>fifo_generator_v10_0</spirit:logicalName>
      </spirit:file>
      <spirit:file>
        <spirit:name>fifo_generator_v10_0/builtin/bin_cntr.vhd</spirit:name>
        <spirit:fileType>vhdlSource</spirit:fileType>
        <spirit:logicalName>fifo_generator_v10_0</spirit:logicalName>
      </spirit:file>
      <spirit:file>
        <spirit:name>fifo_generator_v10_0/builtin/logic_builtin.vhd</spirit:name>
        <spirit:fileType>vhdlSource</spirit:fileType>
        <spirit:logicalName>fifo_generator_v10_0</spirit:logicalName>
      </spirit:file>
      <spirit:file>
        <spirit:name>fifo_generator_v10_0/builtin/reset_builtin.vhd</spirit:name>
        <spirit:fileType>vhdlSource</spirit:fileType>
        <spirit:logicalName>fifo_generator_v10_0</spirit:logicalName>
      </spirit:file>
      <spirit:file>
        <spirit:name>fifo_generator_v10_0/builtin/builtin_prim.vhd</spirit:name>
        <spirit:fileType>vhdlSource</spirit:fileType>
        <spirit:logicalName>fifo_generator_v10_0</spirit:logicalName>
      </spirit:file>
      <spirit:file>
        <spirit:name>fifo_generator_v10_0/builtin/builtin_extdepth.vhd</spirit:name>
        <spirit:fileType>vhdlSource</spirit:fileType>
        <spirit:logicalName>fifo_generator_v10_0</spirit:logicalName>
      </spirit:file>
      <spirit:file>
        <spirit:name>fifo_generator_v10_0/builtin/builtin_top.vhd</spirit:name>
        <spirit:fileType>vhdlSource</spirit:fileType>
        <spirit:logicalName>fifo_generator_v10_0</spirit:logicalName>
      </spirit:file>
      <spirit:file>
        <spirit:name>fifo_generator_v10_0/builtin/builtin_prim_v6.vhd</spirit:name>
        <spirit:fileType>vhdlSource</spirit:fileType>
        <spirit:logicalName>fifo_generator_v10_0</spirit:logicalName>
      </spirit:file>
      <spirit:file>
        <spirit:name>fifo_generator_v10_0/builtin/builtin_extdepth_v6.vhd</spirit:name>
        <spirit:fileType>vhdlSource</spirit:fileType>
        <spirit:logicalName>fifo_generator_v10_0</spirit:logicalName>
      </spirit:file>
      <spirit:file>
        <spirit:name>fifo_generator_v10_0/builtin/builtin_extdepth_low_latency.vhd</spirit:name>
        <spirit:fileType>vhdlSource</spirit:fileType>
        <spirit:logicalName>fifo_generator_v10_0</spirit:logicalName>
      </spirit:file>
      <spirit:file>
        <spirit:name>fifo_generator_v10_0/builtin/builtin_top_v6.vhd</spirit:name>
        <spirit:fileType>vhdlSource</spirit:fileType>
        <spirit:logicalName>fifo_generator_v10_0</spirit:logicalName>
      </spirit:file>
      <spirit:file>
        <spirit:name>fifo_generator_v10_0/builtin/fifo_generator_v10_0_builtin.vhd</spirit:name>
        <spirit:fileType>vhdlSource</spirit:fileType>
        <spirit:logicalName>fifo_generator_v10_0</spirit:logicalName>
      </spirit:file>
      <spirit:file>
        <spirit:name>fifo_generator_v10_0/fifo16_patch/rgtw.vhd</spirit:name>
        <spirit:fileType>vhdlSource</spirit:fileType>
        <spirit:logicalName>fifo_generator_v10_0</spirit:logicalName>
      </spirit:file>
      <spirit:file>
        <spirit:name>fifo_generator_v10_0/fifo16_patch/wgtr.vhd</spirit:name>
        <spirit:fileType>vhdlSource</spirit:fileType>
        <spirit:logicalName>fifo_generator_v10_0</spirit:logicalName>
      </spirit:file>
      <spirit:file>
        <spirit:name>fifo_generator_v10_0/fifo16_patch/input_block_fifo16_patch.vhd</spirit:name>
        <spirit:fileType>vhdlSource</spirit:fileType>
        <spirit:logicalName>fifo_generator_v10_0</spirit:logicalName>
      </spirit:file>
      <spirit:file>
        <spirit:name>fifo_generator_v10_0/fifo16_patch/output_block_fifo16_patch.vhd</spirit:name>
        <spirit:fileType>vhdlSource</spirit:fileType>
        <spirit:logicalName>fifo_generator_v10_0</spirit:logicalName>
      </spirit:file>
      <spirit:file>
        <spirit:name>fifo_generator_v10_0/fifo16_patch/fifo16_patch_top.vhd</spirit:name>
        <spirit:fileType>vhdlSource</spirit:fileType>
        <spirit:logicalName>fifo_generator_v10_0</spirit:logicalName>
      </spirit:file>
      <spirit:file>
        <spirit:name>fifo_generator_v10_0/fifo16_patch/fifo_generator_v10_0_fifo16_patch.vhd</spirit:name>
        <spirit:fileType>vhdlSource</spirit:fileType>
        <spirit:logicalName>fifo_generator_v10_0</spirit:logicalName>
      </spirit:file>
      <spirit:file>
        <spirit:name>fifo_generator_v10_0/fifo_generator_top.vhd</spirit:name>
        <spirit:fileType>vhdlSource</spirit:fileType>
        <spirit:logicalName>fifo_generator_v10_0</spirit:logicalName>
      </spirit:file>
      <spirit:file>
        <spirit:name>fifo_generator_v10_0/ramfifo/axi_reg_slice.vhd</spirit:name>
        <spirit:fileType>vhdlSource</spirit:fileType>
        <spirit:logicalName>fifo_generator_v10_0</spirit:logicalName>
      </spirit:file>
      <spirit:file>
        <spirit:name>fifo_generator_v10_0/fifo_generator_v10_0_synth.vhd</spirit:name>
        <spirit:fileType>vhdlSource</spirit:fileType>
        <spirit:logicalName>fifo_generator_v10_0</spirit:logicalName>
      </spirit:file>
      <spirit:file>
        <spirit:name>fifo_generator_v10_0/fifo_generator_v10_0.vhd</spirit:name>
        <spirit:fileType>vhdlSource</spirit:fileType>
        <spirit:logicalName>fifo_generator_v10_0</spirit:logicalName>
      </spirit:file>
      <spirit:file>
        <spirit:name>proc_common_v4_0/hdl/src/vhdl/family.vhd</spirit:name>
        <spirit:fileType>vhdlSource</spirit:fileType>
        <spirit:logicalName>proc_common_v4_0</spirit:logicalName>
      </spirit:file>
      <spirit:file>
        <spirit:name>proc_common_v4_0/hdl/src/vhdl/family_support.vhd</spirit:name>
        <spirit:fileType>vhdlSource</spirit:fileType>
        <spirit:logicalName>proc_common_v4_0</spirit:logicalName>
      </spirit:file>
      <spirit:file>
        <spirit:name>proc_common_v4_0/hdl/src/vhdl/coregen_comp_defs.vhd</spirit:name>
        <spirit:fileType>vhdlSource</spirit:fileType>
        <spirit:logicalName>proc_common_v4_0</spirit:logicalName>
      </spirit:file>
      <spirit:file>
        <spirit:name>proc_common_v4_0/hdl/src/vhdl/common_types_pkg.vhd</spirit:name>
        <spirit:fileType>vhdlSource</spirit:fileType>
        <spirit:logicalName>proc_common_v4_0</spirit:logicalName>
      </spirit:file>
      <spirit:file>
        <spirit:name>proc_common_v4_0/hdl/src/vhdl/proc_common_pkg.vhd</spirit:name>
        <spirit:fileType>vhdlSource</spirit:fileType>
        <spirit:logicalName>proc_common_v4_0</spirit:logicalName>
      </spirit:file>
      <spirit:file>
        <spirit:name>proc_common_v4_0/hdl/src/vhdl/conv_funs_pkg.vhd</spirit:name>
        <spirit:fileType>vhdlSource</spirit:fileType>
        <spirit:logicalName>proc_common_v4_0</spirit:logicalName>
      </spirit:file>
      <spirit:file>
        <spirit:name>proc_common_v4_0/hdl/src/vhdl/ipif_pkg.vhd</spirit:name>
        <spirit:fileType>vhdlSource</spirit:fileType>
        <spirit:logicalName>proc_common_v4_0</spirit:logicalName>
      </spirit:file>
      <spirit:file>
        <spirit:name>proc_common_v4_0/hdl/src/vhdl/async_fifo_fg.vhd</spirit:name>
        <spirit:fileType>vhdlSource</spirit:fileType>
        <spirit:logicalName>proc_common_v4_0</spirit:logicalName>
      </spirit:file>
      <spirit:file>
        <spirit:name>proc_common_v4_0/hdl/src/vhdl/sync_fifo_fg.vhd</spirit:name>
        <spirit:fileType>vhdlSource</spirit:fileType>
        <spirit:logicalName>proc_common_v4_0</spirit:logicalName>
      </spirit:file>
      <spirit:file>
        <spirit:name>proc_common_v4_0/hdl/src/vhdl/basic_sfifo_fg.vhd</spirit:name>
        <spirit:fileType>vhdlSource</spirit:fileType>
        <spirit:logicalName>proc_common_v4_0</spirit:logicalName>
      </spirit:file>
      <spirit:file>
        <spirit:name>proc_common_v4_0/hdl/src/vhdl/blk_mem_gen_wrapper.vhd</spirit:name>
        <spirit:fileType>vhdlSource</spirit:fileType>
        <spirit:logicalName>proc_common_v4_0</spirit:logicalName>
      </spirit:file>
      <spirit:file>
        <spirit:name>proc_common_v4_0/hdl/src/vhdl/addsub.vhd</spirit:name>
        <spirit:fileType>vhdlSource</spirit:fileType>
        <spirit:logicalName>proc_common_v4_0</spirit:logicalName>
      </spirit:file>
      <spirit:file>
        <spirit:name>proc_common_v4_0/hdl/src/vhdl/counter_bit.vhd</spirit:name>
        <spirit:fileType>vhdlSource</spirit:fileType>
        <spirit:logicalName>proc_common_v4_0</spirit:logicalName>
      </spirit:file>
      <spirit:file>
        <spirit:name>proc_common_v4_0/hdl/src/vhdl/counter.vhd</spirit:name>
        <spirit:fileType>vhdlSource</spirit:fileType>
        <spirit:logicalName>proc_common_v4_0</spirit:logicalName>
      </spirit:file>
      <spirit:file>
        <spirit:name>proc_common_v4_0/hdl/src/vhdl/direct_path_cntr.vhd</spirit:name>
        <spirit:fileType>vhdlSource</spirit:fileType>
        <spirit:logicalName>proc_common_v4_0</spirit:logicalName>
      </spirit:file>
      <spirit:file>
        <spirit:name>proc_common_v4_0/hdl/src/vhdl/direct_path_cntr_ai.vhd</spirit:name>
        <spirit:fileType>vhdlSource</spirit:fileType>
        <spirit:logicalName>proc_common_v4_0</spirit:logicalName>
      </spirit:file>
      <spirit:file>
        <spirit:name>proc_common_v4_0/hdl/src/vhdl/down_counter.vhd</spirit:name>
        <spirit:fileType>vhdlSource</spirit:fileType>
        <spirit:logicalName>proc_common_v4_0</spirit:logicalName>
      </spirit:file>
      <spirit:file>
        <spirit:name>proc_common_v4_0/hdl/src/vhdl/eval_timer.vhd</spirit:name>
        <spirit:fileType>vhdlSource</spirit:fileType>
        <spirit:logicalName>proc_common_v4_0</spirit:logicalName>
      </spirit:file>
      <spirit:file>
        <spirit:name>proc_common_v4_0/hdl/src/vhdl/inferred_lut4.vhd</spirit:name>
        <spirit:fileType>vhdlSource</spirit:fileType>
        <spirit:logicalName>proc_common_v4_0</spirit:logicalName>
      </spirit:file>
      <spirit:file>
        <spirit:name>proc_common_v4_0/hdl/src/vhdl/ipif_steer.vhd</spirit:name>
        <spirit:fileType>vhdlSource</spirit:fileType>
        <spirit:logicalName>proc_common_v4_0</spirit:logicalName>
      </spirit:file>
      <spirit:file>
        <spirit:name>proc_common_v4_0/hdl/src/vhdl/ipif_steer128.vhd</spirit:name>
        <spirit:fileType>vhdlSource</spirit:fileType>
        <spirit:logicalName>proc_common_v4_0</spirit:logicalName>
      </spirit:file>
      <spirit:file>
        <spirit:name>proc_common_v4_0/hdl/src/vhdl/ipif_mirror128.vhd</spirit:name>
        <spirit:fileType>vhdlSource</spirit:fileType>
        <spirit:logicalName>proc_common_v4_0</spirit:logicalName>
      </spirit:file>
      <spirit:file>
        <spirit:name>proc_common_v4_0/hdl/src/vhdl/ld_arith_reg.vhd</spirit:name>
        <spirit:fileType>vhdlSource</spirit:fileType>
        <spirit:logicalName>proc_common_v4_0</spirit:logicalName>
      </spirit:file>
      <spirit:file>
        <spirit:name>proc_common_v4_0/hdl/src/vhdl/ld_arith_reg2.vhd</spirit:name>
        <spirit:fileType>vhdlSource</spirit:fileType>
        <spirit:logicalName>proc_common_v4_0</spirit:logicalName>
      </spirit:file>
      <spirit:file>
        <spirit:name>proc_common_v4_0/hdl/src/vhdl/mux_onehot.vhd</spirit:name>
        <spirit:fileType>vhdlSource</spirit:fileType>
        <spirit:logicalName>proc_common_v4_0</spirit:logicalName>
      </spirit:file>
      <spirit:file>
        <spirit:name>proc_common_v4_0/hdl/src/vhdl/or_bits.vhd</spirit:name>
        <spirit:fileType>vhdlSource</spirit:fileType>
        <spirit:logicalName>proc_common_v4_0</spirit:logicalName>
      </spirit:file>
      <spirit:file>
        <spirit:name>proc_common_v4_0/hdl/src/vhdl/or_muxcy.vhd</spirit:name>
        <spirit:fileType>vhdlSource</spirit:fileType>
        <spirit:logicalName>proc_common_v4_0</spirit:logicalName>
      </spirit:file>
      <spirit:file>
        <spirit:name>proc_common_v4_0/hdl/src/vhdl/or_gate.vhd</spirit:name>
        <spirit:fileType>vhdlSource</spirit:fileType>
        <spirit:logicalName>proc_common_v4_0</spirit:logicalName>
      </spirit:file>
      <spirit:file>
        <spirit:name>proc_common_v4_0/hdl/src/vhdl/or_gate128.vhd</spirit:name>
        <spirit:fileType>vhdlSource</spirit:fileType>
        <spirit:logicalName>proc_common_v4_0</spirit:logicalName>
      </spirit:file>
      <spirit:file>
        <spirit:name>proc_common_v4_0/hdl/src/vhdl/pf_adder_bit.vhd</spirit:name>
        <spirit:fileType>vhdlSource</spirit:fileType>
        <spirit:logicalName>proc_common_v4_0</spirit:logicalName>
      </spirit:file>
      <spirit:file>
        <spirit:name>proc_common_v4_0/hdl/src/vhdl/pf_adder.vhd</spirit:name>
        <spirit:fileType>vhdlSource</spirit:fileType>
        <spirit:logicalName>proc_common_v4_0</spirit:logicalName>
      </spirit:file>
      <spirit:file>
        <spirit:name>proc_common_v4_0/hdl/src/vhdl/pf_counter_bit.vhd</spirit:name>
        <spirit:fileType>vhdlSource</spirit:fileType>
        <spirit:logicalName>proc_common_v4_0</spirit:logicalName>
      </spirit:file>
      <spirit:file>
        <spirit:name>proc_common_v4_0/hdl/src/vhdl/pf_counter.vhd</spirit:name>
        <spirit:fileType>vhdlSource</spirit:fileType>
        <spirit:logicalName>proc_common_v4_0</spirit:logicalName>
      </spirit:file>
      <spirit:file>
        <spirit:name>proc_common_v4_0/hdl/src/vhdl/pf_counter_top.vhd</spirit:name>
        <spirit:fileType>vhdlSource</spirit:fileType>
        <spirit:logicalName>proc_common_v4_0</spirit:logicalName>
      </spirit:file>
      <spirit:file>
        <spirit:name>proc_common_v4_0/hdl/src/vhdl/pf_occ_counter.vhd</spirit:name>
        <spirit:fileType>vhdlSource</spirit:fileType>
        <spirit:logicalName>proc_common_v4_0</spirit:logicalName>
      </spirit:file>
      <spirit:file>
        <spirit:name>proc_common_v4_0/hdl/src/vhdl/pf_occ_counter_top.vhd</spirit:name>
        <spirit:fileType>vhdlSource</spirit:fileType>
        <spirit:logicalName>proc_common_v4_0</spirit:logicalName>
      </spirit:file>
      <spirit:file>
        <spirit:name>proc_common_v4_0/hdl/src/vhdl/pf_dpram_select.vhd</spirit:name>
        <spirit:fileType>vhdlSource</spirit:fileType>
        <spirit:logicalName>proc_common_v4_0</spirit:logicalName>
      </spirit:file>
      <spirit:file>
        <spirit:name>proc_common_v4_0/hdl/src/vhdl/pselect.vhd</spirit:name>
        <spirit:fileType>vhdlSource</spirit:fileType>
        <spirit:logicalName>proc_common_v4_0</spirit:logicalName>
      </spirit:file>
      <spirit:file>
        <spirit:name>proc_common_v4_0/hdl/src/vhdl/pselect_mask.vhd</spirit:name>
        <spirit:fileType>vhdlSource</spirit:fileType>
        <spirit:logicalName>proc_common_v4_0</spirit:logicalName>
      </spirit:file>
      <spirit:file>
        <spirit:name>proc_common_v4_0/hdl/src/vhdl/srl16_fifo.vhd</spirit:name>
        <spirit:fileType>vhdlSource</spirit:fileType>
        <spirit:logicalName>proc_common_v4_0</spirit:logicalName>
      </spirit:file>
      <spirit:file>
        <spirit:name>proc_common_v4_0/hdl/src/vhdl/srl_fifo.vhd</spirit:name>
        <spirit:fileType>vhdlSource</spirit:fileType>
        <spirit:logicalName>proc_common_v4_0</spirit:logicalName>
      </spirit:file>
      <spirit:file>
        <spirit:name>proc_common_v4_0/hdl/src/vhdl/srl_fifo2.vhd</spirit:name>
        <spirit:fileType>vhdlSource</spirit:fileType>
        <spirit:logicalName>proc_common_v4_0</spirit:logicalName>
      </spirit:file>
      <spirit:file>
        <spirit:name>proc_common_v4_0/hdl/src/vhdl/srl_fifo3.vhd</spirit:name>
        <spirit:fileType>vhdlSource</spirit:fileType>
        <spirit:logicalName>proc_common_v4_0</spirit:logicalName>
      </spirit:file>
      <spirit:file>
        <spirit:name>proc_common_v4_0/hdl/src/vhdl/srl_fifo_rbu.vhd</spirit:name>
        <spirit:fileType>vhdlSource</spirit:fileType>
        <spirit:logicalName>proc_common_v4_0</spirit:logicalName>
      </spirit:file>
      <spirit:file>
        <spirit:name>proc_common_v4_0/hdl/src/vhdl/valid_be.vhd</spirit:name>
        <spirit:fileType>vhdlSource</spirit:fileType>
        <spirit:logicalName>proc_common_v4_0</spirit:logicalName>
      </spirit:file>
      <spirit:file>
        <spirit:name>proc_common_v4_0/hdl/src/vhdl/or_with_enable_f.vhd</spirit:name>
        <spirit:fileType>vhdlSource</spirit:fileType>
        <spirit:logicalName>proc_common_v4_0</spirit:logicalName>
      </spirit:file>
      <spirit:file>
        <spirit:name>proc_common_v4_0/hdl/src/vhdl/muxf_struct_f.vhd</spirit:name>
        <spirit:fileType>vhdlSource</spirit:fileType>
        <spirit:logicalName>proc_common_v4_0</spirit:logicalName>
      </spirit:file>
      <spirit:file>
        <spirit:name>proc_common_v4_0/hdl/src/vhdl/cntr_incr_decr_addn_f.vhd</spirit:name>
        <spirit:fileType>vhdlSource</spirit:fileType>
        <spirit:logicalName>proc_common_v4_0</spirit:logicalName>
      </spirit:file>
      <spirit:file>
        <spirit:name>proc_common_v4_0/hdl/src/vhdl/dynshreg_f.vhd</spirit:name>
        <spirit:fileType>vhdlSource</spirit:fileType>
        <spirit:logicalName>proc_common_v4_0</spirit:logicalName>
      </spirit:file>
      <spirit:file>
        <spirit:name>proc_common_v4_0/hdl/src/vhdl/dynshreg_i_f.vhd</spirit:name>
        <spirit:fileType>vhdlSource</spirit:fileType>
        <spirit:logicalName>proc_common_v4_0</spirit:logicalName>
      </spirit:file>
      <spirit:file>
        <spirit:name>proc_common_v4_0/hdl/src/vhdl/mux_onehot_f.vhd</spirit:name>
        <spirit:fileType>vhdlSource</spirit:fileType>
        <spirit:logicalName>proc_common_v4_0</spirit:logicalName>
      </spirit:file>
      <spirit:file>
        <spirit:name>proc_common_v4_0/hdl/src/vhdl/srl_fifo_rbu_f.vhd</spirit:name>
        <spirit:fileType>vhdlSource</spirit:fileType>
        <spirit:logicalName>proc_common_v4_0</spirit:logicalName>
      </spirit:file>
      <spirit:file>
        <spirit:name>proc_common_v4_0/hdl/src/vhdl/srl_fifo_f.vhd</spirit:name>
        <spirit:fileType>vhdlSource</spirit:fileType>
        <spirit:logicalName>proc_common_v4_0</spirit:logicalName>
      </spirit:file>
      <spirit:file>
        <spirit:name>proc_common_v4_0/hdl/src/vhdl/compare_vectors_f.vhd</spirit:name>
        <spirit:fileType>vhdlSource</spirit:fileType>
        <spirit:logicalName>proc_common_v4_0</spirit:logicalName>
      </spirit:file>
      <spirit:file>
        <spirit:name>proc_common_v4_0/hdl/src/vhdl/pselect_f.vhd</spirit:name>
        <spirit:fileType>vhdlSource</spirit:fileType>
        <spirit:logicalName>proc_common_v4_0</spirit:logicalName>
      </spirit:file>
      <spirit:file>
        <spirit:name>proc_common_v4_0/hdl/src/vhdl/counter_f.vhd</spirit:name>
        <spirit:fileType>vhdlSource</spirit:fileType>
        <spirit:logicalName>proc_common_v4_0</spirit:logicalName>
      </spirit:file>
      <spirit:file>
        <spirit:name>proc_common_v4_0/hdl/src/vhdl/or_muxcy_f.vhd</spirit:name>
        <spirit:fileType>vhdlSource</spirit:fileType>
        <spirit:logicalName>proc_common_v4_0</spirit:logicalName>
      </spirit:file>
      <spirit:file>
        <spirit:name>proc_common_v4_0/hdl/src/vhdl/or_gate_f.vhd</spirit:name>
        <spirit:fileType>vhdlSource</spirit:fileType>
        <spirit:logicalName>proc_common_v4_0</spirit:logicalName>
      </spirit:file>
      <spirit:file>
        <spirit:name>proc_common_v4_0/hdl/src/vhdl/soft_reset.vhd</spirit:name>
        <spirit:fileType>vhdlSource</spirit:fileType>
        <spirit:logicalName>proc_common_v4_0</spirit:logicalName>
      </spirit:file>
      <spirit:file>
        <spirit:name>axi_lite_ipif_v2_0/hdl/src/vhdl/address_decoder.vhd</spirit:name>
        <spirit:fileType>vhdlSource</spirit:fileType>
        <spirit:logicalName>axi_lite_ipif_v2_0</spirit:logicalName>
      </spirit:file>
      <spirit:file>
        <spirit:name>axi_lite_ipif_v2_0/hdl/src/vhdl/slave_attachment.vhd</spirit:name>
        <spirit:fileType>vhdlSource</spirit:fileType>
        <spirit:logicalName>axi_lite_ipif_v2_0</spirit:logicalName>
      </spirit:file>
      <spirit:file>
        <spirit:name>axi_lite_ipif_v2_0/hdl/src/vhdl/axi_lite_ipif.vhd</spirit:name>
        <spirit:fileType>vhdlSource</spirit:fileType>
        <spirit:logicalName>axi_lite_ipif_v2_0</spirit:logicalName>
      </spirit:file>
      <spirit:file>
        <spirit:name>interrupt_control_v3_0/hdl/src/vhdl/interrupt_control.vhd</spirit:name>
        <spirit:fileType>vhdlSource</spirit:fileType>
        <spirit:logicalName>interrupt_control_v3_0</spirit:logicalName>
      </spirit:file>
      <spirit:file>
        <spirit:name>axi_gpio_v2_0/hdl/src/vhdl/gpio_core.vhd</spirit:name>
        <spirit:fileType>vhdlSource</spirit:fileType>
        <spirit:logicalName>axi_gpio_v2_0</spirit:logicalName>
      </spirit:file>
      <spirit:file>
        <spirit:name>axi_gpio_v2_0/hdl/src/vhdl/axi_gpio.vhd</spirit:name>
        <spirit:fileType>vhdlSource</spirit:fileType>
        <spirit:logicalName>axi_gpio_v2_0</spirit:logicalName>
      </spirit:file>
      <spirit:file>
        <spirit:name>design_1_axi_gpio_3_2_ooc.xdc</spirit:name>
        <spirit:userFileType>xdc</spirit:userFileType>
        <spirit:userFileType>USED_IN_out_of_context</spirit:userFileType>
        <spirit:userFileType>USED_IN_synthesis</spirit:userFileType>
        <spirit:userFileType>USED_IN_implementation</spirit:userFileType>
      </spirit:file>
      <spirit:file>
        <spirit:name>synth/design_1_axi_gpio_3_2.vhd</spirit:name>
        <spirit:fileType>vhdlSource</spirit:fileType>
        <spirit:logicalName>work</spirit:logicalName>
      </spirit:file>
    </spirit:fileSet>
    <spirit:fileSet>
      <spirit:name>xilinx_implementation_view_fileset</spirit:name>
      <spirit:file>
        <spirit:name>design_1_axi_gpio_3_2_board.xdc</spirit:name>
        <spirit:userFileType>xdc</spirit:userFileType>
        <spirit:userFileType>USED_IN_synthesis</spirit:userFileType>
        <spirit:userFileType>USED_IN_implementation</spirit:userFileType>
        <spirit:userFileType>USED_IN_board</spirit:userFileType>
      </spirit:file>
    </spirit:fileSet>
  </spirit:fileSets>
  <spirit:description>Advanced eXtensible Interface General Purpose Input/Output (AXI GPIO) core provides a general purpose input/output interface to the AXI interface.</spirit:description>
  <spirit:parameters>
    <spirit:parameter>
      <spirit:name>C_TRI_DEFAULT</spirit:name>
      <spirit:displayName>Default Tri State Value</spirit:displayName>
      <spirit:value spirit:format="bitString" spirit:resolve="user" spirit:id="PARAM_VALUE.C_TRI_DEFAULT" spirit:order="2000" spirit:bitStringLength="32">0xFFFFFFFF</spirit:value>
    </spirit:parameter>
    <spirit:parameter>
      <spirit:name>C_GPIO_WIDTH</spirit:name>
      <spirit:displayName>GPIO Width</spirit:displayName>
      <spirit:value spirit:format="long" spirit:resolve="user" spirit:id="PARAM_VALUE.C_GPIO_WIDTH" spirit:order="1900" spirit:minimum="1" spirit:maximum="32" spirit:rangeType="long">8</spirit:value>
    </spirit:parameter>
    <spirit:parameter>
      <spirit:name>C_GPIO2_WIDTH</spirit:name>
      <spirit:displayName>GPIO Width</spirit:displayName>
      <spirit:value spirit:format="long" spirit:resolve="user" spirit:id="PARAM_VALUE.C_GPIO2_WIDTH" spirit:order="1800" spirit:minimum="1" spirit:maximum="32">32</spirit:value>
    </spirit:parameter>
    <spirit:parameter>
      <spirit:name>C_IS_DUAL</spirit:name>
      <spirit:displayName>Enable Dual Channel</spirit:displayName>
      <spirit:value spirit:format="long" spirit:resolve="user" spirit:id="PARAM_VALUE.C_IS_DUAL" spirit:choiceRef="choices_0" spirit:order="1200">0</spirit:value>
    </spirit:parameter>
    <spirit:parameter>
      <spirit:name>C_ALL_INPUTS</spirit:name>
      <spirit:displayName>All Inputs</spirit:displayName>
      <spirit:value spirit:format="long" spirit:resolve="user" spirit:id="PARAM_VALUE.C_ALL_INPUTS" spirit:choiceRef="choices_1" spirit:order="1300">0</spirit:value>
    </spirit:parameter>
    <spirit:parameter>
      <spirit:name>C_TRI_DEFAULT_2</spirit:name>
      <spirit:displayName>Default Tri State Value</spirit:displayName>
      <spirit:value spirit:format="bitString" spirit:resolve="user" spirit:id="PARAM_VALUE.C_TRI_DEFAULT_2" spirit:order="1400" spirit:bitStringLength="32">0xFFFFFFFF</spirit:value>
    </spirit:parameter>
    <spirit:parameter>
      <spirit:name>C_DOUT_DEFAULT_2</spirit:name>
      <spirit:displayName>Default Output Value</spirit:displayName>
      <spirit:value spirit:format="bitString" spirit:resolve="user" spirit:id="PARAM_VALUE.C_DOUT_DEFAULT_2" spirit:order="1500" spirit:bitStringLength="32">0x00000000</spirit:value>
    </spirit:parameter>
    <spirit:parameter>
      <spirit:name>C_DOUT_DEFAULT</spirit:name>
      <spirit:displayName>Default Output Value</spirit:displayName>
      <spirit:value spirit:format="bitString" spirit:resolve="user" spirit:id="PARAM_VALUE.C_DOUT_DEFAULT" spirit:order="1600" spirit:bitStringLength="32">0x00000000</spirit:value>
    </spirit:parameter>
    <spirit:parameter>
      <spirit:name>C_ALL_INPUTS_2</spirit:name>
      <spirit:displayName>All Inputs</spirit:displayName>
      <spirit:value spirit:format="long" spirit:resolve="user" spirit:id="PARAM_VALUE.C_ALL_INPUTS_2" spirit:choiceRef="choices_2" spirit:order="1700">0</spirit:value>
    </spirit:parameter>
    <spirit:parameter>
      <spirit:name>C_INTERRUPT_PRESENT</spirit:name>
      <spirit:displayName>Enable Interrupt </spirit:displayName>
      <spirit:value spirit:format="long" spirit:resolve="user" spirit:id="PARAM_VALUE.C_INTERRUPT_PRESENT" spirit:choiceRef="choices_3" spirit:order="1100">0</spirit:value>
    </spirit:parameter>
    <spirit:parameter>
      <spirit:name>Component_Name</spirit:name>
      <spirit:value spirit:resolve="user" spirit:id="PARAM_VALUE.Component_Name" spirit:order="1">design_1_axi_gpio_3_2</spirit:value>
    </spirit:parameter>
    <spirit:parameter>
      <spirit:name>USE_BOARD_FLOW</spirit:name>
      <spirit:displayName>Generate Board based IO Constraints </spirit:displayName>
      <spirit:value spirit:format="bool" spirit:resolve="user" spirit:id="PARAM_VALUE.USE_BOARD_FLOW" spirit:order="1000">true</spirit:value>
    </spirit:parameter>
    <spirit:parameter>
      <spirit:name>GPIO_BOARD_INTERFACE</spirit:name>
      <spirit:value spirit:resolve="user" spirit:id="PARAM_VALUE.GPIO_BOARD_INTERFACE" spirit:choiceRef="choices_4" spirit:order="1001">leds_8bits</spirit:value>
    </spirit:parameter>
    <spirit:parameter>
      <spirit:name>GPIO2_BOARD_INTERFACE</spirit:name>
      <spirit:value spirit:resolve="user" spirit:id="PARAM_VALUE.GPIO2_BOARD_INTERFACE" spirit:choiceRef="choices_5" spirit:order="1201">Custom</spirit:value>
    </spirit:parameter>
    <spirit:parameter>
      <spirit:name>C_ALL_OUTPUTS</spirit:name>
      <spirit:displayName>All Outputs</spirit:displayName>
      <spirit:value spirit:format="long" spirit:resolve="user" spirit:id="PARAM_VALUE.C_ALL_OUTPUTS" spirit:choiceRef="choices_6" spirit:order="2100">1</spirit:value>
    </spirit:parameter>
    <spirit:parameter>
      <spirit:name>C_ALL_OUTPUTS_2</spirit:name>
      <spirit:displayName>All Outputs</spirit:displayName>
      <spirit:value spirit:format="long" spirit:resolve="user" spirit:id="PARAM_VALUE.C_ALL_OUTPUTS_2" spirit:choiceRef="choices_7" spirit:order="2200">0</spirit:value>
    </spirit:parameter>
  </spirit:parameters>
  <spirit:vendorExtensions>
    <xilinx:coreExtensions>
      <xilinx:supportedFamilies>
        <xilinx:family xilinx:lifeCycle="Production">virtex7</xilinx:family>
        <xilinx:family xilinx:lifeCycle="Pre-Production">qvirtex7</xilinx:family>
        <xilinx:family xilinx:lifeCycle="Production">kintex7</xilinx:family>
        <xilinx:family xilinx:lifeCycle="Production">kintex7l</xilinx:family>
        <xilinx:family xilinx:lifeCycle="Pre-Production">qkintex7</xilinx:family>
        <xilinx:family xilinx:lifeCycle="Pre-Production">qkintex7l</xilinx:family>
        <xilinx:family xilinx:lifeCycle="Production">artix7</xilinx:family>
        <xilinx:family xilinx:lifeCycle="Pre-Production">artix7l</xilinx:family>
        <xilinx:family xilinx:lifeCycle="Pre-Production">aartix7</xilinx:family>
        <xilinx:family xilinx:lifeCycle="Pre-Production">qartix7</xilinx:family>
        <xilinx:family xilinx:lifeCycle="Pre-Production">qartix7l</xilinx:family>
        <xilinx:family xilinx:lifeCycle="Production">zynq</xilinx:family>
        <xilinx:family xilinx:lifeCycle="Pre-Production">qzynq</xilinx:family>
        <xilinx:family xilinx:lifeCycle="Pre-Production">azynq</xilinx:family>
        <xilinx:family xilinx:lifeCycle="Beta">virtex8</xilinx:family>
        <xilinx:family xilinx:lifeCycle="Beta">kintex8</xilinx:family>
      </xilinx:supportedFamilies>
      <xilinx:taxonomies>
        <xilinx:taxonomy>/Embedded_Processing/AXI_Peripheral/Low_Speed_Peripheral</xilinx:taxonomy>
      </xilinx:taxonomies>
      <xilinx:displayName>AXI GPIO</xilinx:displayName>
      <xilinx:vendorURL>http://www.xilinx.com</xilinx:vendorURL>
      <xilinx:coreRevision>1</xilinx:coreRevision>
      <xilinx:upgrades>
        <xilinx:canUpgradeFrom>xilinx.com:ip:axi_gpio:1.01.b</xilinx:canUpgradeFrom>
      </xilinx:upgrades>
      <xilinx:coreCreationDateTime>2013-06-19T09:59:43</xilinx:coreCreationDateTime>
    </xilinx:coreExtensions>
    <xilinx:packagingInfo>
      <xilinx:xilinxVersion>2013.2.0</xilinx:xilinxVersion>
    </xilinx:packagingInfo>
  </spirit:vendorExtensions>
</spirit:component>
