<?xml version="1.0" encoding="UTF-8"?>
<DARoots Version="1"
		Minor="22">
	<FileSet Name="sources_1"
			Type="DesignSrcs"
			RelSrcDir="$PSRCDIR/sources_1">
		<Filter Type="Srcs"/>
		<File Path="$PSRCDIR/sources_1/edk/system/system.xmp">
			<FileInfo>
				<Attr Name="UsedInSynthesis"
						Val="1"/>
				<Attr Name="UsedInImplementation"
						Val="1"/>
				<Attr Name="UsedInSimulation"
						Val="1"/>
			</FileInfo>
		</File>
		<File Path="$PSRCDIR/sources_1/edk/system/system_stub.v">
			<FileInfo>
				<Attr Name="ImportPath"
						Val="$PSRCDIR/sources_1/edk/system/system_stub.v"/>
				<Attr Name="ImportTime"
						Val="1344282401"/>
				<Attr Name="UsedInSynthesis"
						Val="1"/>
				<Attr Name="UsedInImplementation"
						Val="1"/>
				<Attr Name="UsedInSimulation"
						Val="1"/>
			</FileInfo>
		</File>
		<Config>
			<Option Name="DesignMode"
					Val="RTL"/>
			<Option Name="TopModule"
					Val="system_stub"/>
			<Option Name="TopLib"
					Val="work"/>
			<Option Name="TopRTLFile"
					Val="$PSRCDIR/sources_1/edk/system/system_stub.v"/>
			<Option Name="TopAutoSet"
					Val="TRUE"/>
		</Config>
	</FileSet>
</DARoots>
